symbol,first_trade_date,last_date,http,error
A,2022-01-03,2026-05-28,200.0,
AA,2022-01-03,2026-05-28,200.0,
AAAU,2022-01-03,2026-05-28,200.0,
AACG,2022-01-03,2026-05-28,200.0,
AADX,,,,HTTP 400
AAL,2022-01-03,2026-05-28,200.0,
AAME,2022-01-03,2026-05-28,200.0,
AAMI,2022-01-03,2026-05-28,200.0,
AAOI,2022-01-03,2026-05-28,200.0,
AAON,2022-01-03,2026-05-28,200.0,
AAP,2022-01-03,2026-05-28,200.0,
AAPG,2025-01-24,2026-05-28,200.0,
AAPL,2022-01-03,2026-05-28,200.0,
AARD,2025-02-13,2026-05-28,200.0,
AAT,2022-01-03,2026-05-28,200.0,
AAUAF,2022-01-03,2026-05-28,200.0,
AAUC,2024-08-15,2026-05-28,200.0,
AB,2022-01-03,2026-05-28,200.0,
ABAT,2022-01-03,2026-05-28,200.0,
ABBV,2022-01-03,2026-05-28,200.0,
ABCB,2022-01-03,2026-05-28,200.0,
ABCL,2022-01-03,2026-05-28,200.0,
ABCS,2023-12-20,2026-05-28,200.0,
ABEO,2022-01-03,2026-05-28,200.0,
ABEV,2022-01-03,2026-05-28,200.0,
ABG,2022-01-03,2026-05-28,200.0,
ABM,2022-01-03,2026-05-28,200.0,
ABNB,2022-01-03,2026-05-28,200.0,
ABOS,2022-01-03,2026-05-28,200.0,
ABR,2022-01-03,2026-05-28,200.0,
ABSI,2022-01-03,2026-05-28,200.0,
ABT,2022-01-03,2026-05-28,200.0,
ABTC,2022-01-03,2026-05-28,200.0,
ABTS,2022-01-03,2026-05-28,200.0,
ABUS,2022-01-03,2026-05-28,200.0,
ABVC,2022-01-03,2026-05-28,200.0,
ABVEF,2024-07-02,2026-05-28,200.0,
ABVX,2023-10-20,2026-05-28,200.0,
ABX,2022-01-03,2026-05-28,200.0,
ACA,2022-01-03,2026-05-28,200.0,
ACAD,2022-01-03,2026-05-28,200.0,
ACB,2022-01-03,2026-05-28,200.0,
ACCO,2022-01-03,2026-05-28,200.0,
ACCS,2022-01-03,2026-05-28,200.0,
ACDC,2022-05-13,2026-05-28,200.0,
ACEL,2022-01-03,2026-05-28,200.0,
ACES,2022-01-03,2026-05-28,200.0,
ACET,2022-01-03,2026-05-28,200.0,
ACFN,2022-01-03,2026-05-28,200.0,
ACGP,2022-01-03,2026-05-28,200.0,
ACH,2022-01-03,2026-05-28,200.0,
ACHC,2022-01-03,2026-05-28,200.0,
ACHR,2022-01-03,2026-05-28,200.0,
ACHV,2022-01-03,2026-05-28,200.0,
ACI,2022-01-03,2026-05-28,200.0,
ACIC,2022-01-03,2026-05-28,200.0,
ACIU,2022-01-03,2026-05-28,200.0,
ACIW,2022-01-03,2026-05-28,200.0,
ACLO,2024-11-18,2026-05-28,200.0,
ACLS,2022-01-03,2026-05-28,200.0,
ACM,2022-01-03,2026-05-28,200.0,
ACMR,2022-01-03,2026-05-28,200.0,
ACNB,2022-01-03,2026-05-28,200.0,
ACNT,2022-01-03,2026-05-28,200.0,
ACOG,2024-11-12,2026-05-28,200.0,
ACONW,,,,HTTP 400
ACR,2022-01-03,2026-05-28,200.0,
ACRE,2022-01-03,2026-05-28,200.0,
ACRS,2022-01-03,2026-05-28,200.0,
ACRV,2022-11-15,2026-05-28,200.0,
ACT,2022-01-03,2026-05-28,200.0,
ACTG,2022-01-03,2026-05-28,200.0,
ACTU,2024-08-13,2026-05-28,200.0,
ACU,2022-01-03,2026-05-28,200.0,
ACVA,2022-01-03,2026-05-28,200.0,
ACVU,2023-10-16,2026-05-28,200.0,
ACWI,2022-01-03,2026-05-28,200.0,
ACWX,2022-01-03,2026-05-28,200.0,
ACXP,2022-01-03,2026-05-28,200.0,
AD,2022-01-03,2026-05-28,200.0,
ADAG,2022-01-03,2026-05-28,200.0,
ADAM,2022-01-03,2026-05-28,200.0,
ADAPY,2022-01-03,2026-05-28,200.0,
ADBE,2022-01-03,2026-05-28,200.0,
ADCT,2022-01-03,2026-05-28,200.0,
ADEA,2022-01-03,2026-05-28,200.0,
ADGM,2024-08-01,2026-05-28,200.0,
ADI,2022-01-03,2026-05-28,200.0,
ADIL,2022-01-03,2026-05-28,200.0,
ADM,2022-01-03,2026-05-28,200.0,
ADMA,2022-01-03,2026-05-28,200.0,
ADNH,2022-01-03,2026-05-28,200.0,
ADNT,2022-01-03,2026-05-28,200.0,
ADP,2022-01-03,2026-05-28,200.0,
ADPT,2022-01-03,2026-05-28,200.0,
ADSK,2022-01-03,2026-05-28,200.0,
ADT,2022-01-03,2026-05-28,200.0,
ADTN,2022-01-03,2026-05-28,200.0,
ADUR,2024-08-15,2026-05-28,200.0,
ADUS,2022-01-03,2026-05-28,200.0,
ADV,2022-01-03,2026-05-28,200.0,
ADVB,2025-03-06,2026-05-28,200.0,
ADXN,2022-01-03,2026-05-28,200.0,
AEAE,2022-01-03,2026-05-28,200.0,
AEAEW,,,200.0,
AEC,2022-01-03,2026-05-28,200.0,
AEE,2022-01-03,2026-05-28,200.0,
AEG,2022-01-03,2026-05-28,200.0,
AEHR,2022-01-03,2026-05-28,200.0,
AEI,2022-01-03,2026-05-28,200.0,
AEM,2022-01-03,2026-05-28,200.0,
AENT,2022-01-03,2026-05-28,200.0,
AENTW,,,,HTTP 400
AEO,2022-01-03,2026-05-28,200.0,
AEON,2023-01-03,2026-05-28,200.0,
AEP,2022-01-03,2026-05-28,200.0,
AERO,2025-11-06,2026-05-28,200.0,
AES,2022-01-03,2026-05-28,200.0,
AESI,2023-03-09,2026-05-28,200.0,
AEVA,2022-01-03,2026-05-28,200.0,
AEXA,2025-09-26,2026-05-28,200.0,
AEYE,2022-01-03,2026-05-28,200.0,
AFCG,2022-01-03,2026-05-28,200.0,
AFG,2022-01-03,2026-05-28,200.0,
AFK,2022-01-03,2026-05-28,200.0,
AFL,2022-01-03,2026-05-28,200.0,
AFRM,2022-01-03,2026-05-28,200.0,
AFYA,2022-01-03,2026-05-28,200.0,
AG,2022-01-03,2026-05-28,200.0,
AGBK,2026-02-11,2026-05-28,200.0,
AGCO,2022-01-03,2026-05-28,200.0,
AGEN,2022-01-03,2026-05-28,200.0,
AGGS,2024-05-02,2026-05-28,200.0,
AGI,2022-01-03,2026-05-28,200.0,
AGIG,2022-01-03,2026-05-28,200.0,
AGIO,2022-01-03,2026-05-28,200.0,
AGIQ,2025-09-03,2026-05-28,200.0,
AGL,2022-01-03,2026-05-28,200.0,
AGM/A,2022-01-03,2026-05-28,200.0,
AGMB,2026-02-06,2026-05-28,200.0,
AGMH,2022-01-03,2026-05-28,200.0,
AGNC,2022-01-03,2026-05-28,200.0,
AGNG,2022-01-03,2026-05-28,200.0,
AGNT,2022-01-03,2026-05-28,200.0,
AGO,2022-01-03,2026-05-28,200.0,
AGOX,2022-01-03,2026-05-28,200.0,
AGPU,2022-01-03,2026-05-28,200.0,
AGRO,2022-01-03,2026-05-28,200.0,
AGX,2022-01-03,2026-05-28,200.0,
AGYS,2022-01-03,2026-05-28,200.0,
AHCO,2022-01-03,2026-05-28,200.0,
AHG,2022-01-03,2026-05-28,200.0,
AHR,2024-02-07,2026-05-28,200.0,
AHRT,2022-01-03,2026-05-28,200.0,
AHT,2022-01-03,2026-05-28,200.0,
AI,2022-01-03,2026-05-28,200.0,
AIA,2022-01-03,2026-05-28,200.0,
AIAI,2026-05-14,2026-05-28,200.0,
AIB,2026-03-17,2026-05-28,200.0,
AIDX,2026-02-19,2026-05-28,200.0,
AIFA,2022-01-03,2026-05-28,200.0,
AIFC,2022-01-03,2026-05-28,200.0,
AIFD,2024-05-06,2026-05-28,200.0,
AIFF,2022-01-03,2026-05-28,200.0,
AIFU,2022-01-03,2026-05-28,200.0,
AIG,2022-01-03,2026-05-28,200.0,
AIHS,2022-01-03,2026-05-28,200.0,
AII,2025-05-08,2026-05-28,200.0,
AIJTY,2022-01-03,2026-05-28,200.0,
AILEQ,2025-06-23,2026-05-28,200.0,
AIM,2022-01-03,2026-05-28,200.0,
AIMD,2022-01-03,2026-05-28,200.0,
AIMDW,,,,HTTP 400
AIN,2022-01-03,2026-05-28,200.0,
AIOS,2022-01-03,2026-05-28,200.0,
AIOT,2022-01-03,2026-05-28,200.0,
AIP,2022-01-03,2026-05-28,200.0,
AIR,2022-01-03,2026-05-28,200.0,
AIRE,2023-10-23,2026-05-28,200.0,
AIRG,2022-01-03,2026-05-28,200.0,
AIRI,2022-01-03,2026-05-28,200.0,
AIRJ,2022-02-01,2026-05-28,200.0,
AIRO,2025-06-13,2026-05-28,200.0,
AIRS,2022-01-03,2026-05-28,200.0,
AIRT,2022-01-03,2026-05-28,200.0,
AISP,2022-01-03,2026-05-28,200.0,
AIT,2022-01-03,2026-05-28,200.0,
AIV,2022-01-03,2026-05-28,200.0,
AIVL,2022-01-03,2026-05-28,200.0,
AIXC,2022-01-03,2026-05-28,200.0,
AIXI,2023-03-09,2026-05-28,200.0,
AIZ,2022-01-03,2026-05-28,200.0,
AJG,2022-01-03,2026-05-28,200.0,
AKA,2022-01-03,2026-05-28,200.0,
AKAM,2022-01-03,2026-05-28,200.0,
AKAN,2022-03-15,2026-05-28,200.0,
AKBA,2022-01-03,2026-05-28,200.0,
AKR,2022-01-03,2026-05-28,200.0,
AKRE,2025-10-27,2026-05-28,200.0,
AKTS,2026-01-09,2026-05-28,200.0,
AKTSQ,,,,HTTP 404
AKTX,2022-01-03,2026-05-28,200.0,
ALAB,2024-03-20,2026-05-28,200.0,
ALAR,2022-01-03,2026-05-28,200.0,
ALB,2022-01-03,2026-05-28,200.0,
ALCO,2022-01-03,2026-05-28,200.0,
ALDX,2022-01-03,2026-05-28,200.0,
ALEC,2022-01-03,2026-05-28,200.0,
ALEX,,,,HTTP 404
ALG,2022-01-03,2026-05-28,200.0,
ALGM,2022-01-03,2026-05-28,200.0,
ALGN,2022-01-03,2026-05-28,200.0,
ALGS,2022-01-03,2026-05-28,200.0,
ALGT,2022-01-03,2026-05-28,200.0,
ALH,2025-10-09,2026-05-28,200.0,
ALHC,2022-01-03,2026-05-28,200.0,
ALK,2022-01-03,2026-05-28,200.0,
ALKS,2022-01-03,2026-05-28,200.0,
ALKT,2022-01-03,2026-05-28,200.0,
ALL,2022-01-03,2026-05-28,200.0,
ALLE,2022-01-03,2026-05-28,200.0,
ALLO,2022-01-03,2026-05-28,200.0,
ALLR,2022-01-03,2026-05-28,200.0,
ALLT,2022-01-03,2026-05-28,200.0,
ALLY,2022-01-03,2026-05-28,200.0,
ALM,2022-01-03,2026-05-28,200.0,
ALMR,2026-04-17,2026-05-28,200.0,
ALMS,2024-06-28,2026-05-28,200.0,
ALMU,2023-02-28,2026-05-28,200.0,
ALNT,2022-01-03,2026-05-28,200.0,
ALNY,2022-01-03,2026-05-28,200.0,
ALOT,2022-01-03,2026-05-28,200.0,
ALOY,2022-01-03,2026-05-28,200.0,
ALP,2022-01-03,2026-05-28,200.0,
ALPP,2022-01-03,2026-05-28,200.0,
ALRM,2022-01-03,2026-05-28,200.0,
ALRS,2022-01-03,2026-05-28,200.0,
ALSN,2022-01-03,2026-05-28,200.0,
ALT,2022-01-03,2026-05-28,200.0,
ALTG,2022-01-03,2026-05-28,200.0,
ALTI,2022-01-03,2026-05-28,200.0,
ALTO,2022-01-03,2026-05-28,200.0,
ALURW,,,200.0,
ALV,2022-01-03,2026-05-28,200.0,
ALX,2022-01-03,2026-05-28,200.0,
ALXO,2022-01-03,2026-05-28,200.0,
ALYAF,2022-01-03,2026-05-28,200.0,
ALZN,2022-01-03,2026-05-28,200.0,
AM,2022-01-03,2026-05-28,200.0,
AMAL,2022-01-03,2026-05-28,200.0,
AMAN,2026-05-19,2026-05-28,200.0,
AMAT,2022-01-03,2026-05-28,200.0,
AMBA,2022-01-03,2026-05-28,200.0,
AMBO,2022-01-03,2026-05-28,200.0,
AMBP,2022-01-03,2026-05-28,200.0,
AMBQ,2025-07-30,2026-05-28,200.0,
AMBR,2022-01-03,2026-05-28,200.0,
AMC,2022-01-03,2026-05-28,200.0,
AMCX,2022-01-03,2026-05-28,200.0,
AMD,2022-01-03,2026-05-28,200.0,
AME,2022-01-03,2026-05-28,200.0,
AMED,,,,HTTP 404
AMG,2022-01-03,2026-05-28,200.0,
AMGN,2022-01-03,2026-05-28,200.0,
AMID,2022-08-17,2026-05-28,200.0,
AMKR,2022-01-03,2026-05-28,200.0,
AMLIF,2022-01-03,2026-05-28,200.0,
AMLP,2022-01-03,2026-05-28,200.0,
AMLX,2022-01-07,2026-05-28,200.0,
AMN,2022-01-03,2026-05-28,200.0,
AMP,2022-01-03,2026-05-28,200.0,
AMPG,2022-01-03,2026-05-28,200.0,
AMPGW,2026-02-18,2026-05-28,200.0,
AMPH,2022-01-03,2026-05-28,200.0,
AMPL,2022-01-03,2026-05-28,200.0,
AMPX,2022-09-15,2026-05-28,200.0,
AMPY,2022-01-03,2026-05-28,200.0,
AMR,2022-01-03,2026-05-28,200.0,
AMRC,2022-01-03,2026-05-28,200.0,
AMRN,2022-01-03,2026-05-28,200.0,
AMRX,2022-01-03,2026-05-28,200.0,
AMRZ,2025-06-23,2026-05-28,200.0,
AMS,2022-01-03,2026-05-28,200.0,
AMSC,2022-01-03,2026-05-28,200.0,
AMSF,2022-01-03,2026-05-28,200.0,
AMST,2022-01-03,2026-05-28,200.0,
AMT,2022-01-03,2026-05-28,200.0,
AMTB,2022-01-03,2026-05-28,200.0,
AMTD,2022-01-03,2026-05-28,200.0,
AMTM,2024-09-24,2026-05-28,200.0,
AMTX,2022-01-03,2026-05-28,200.0,
AMWL,2022-01-03,2026-05-28,200.0,
AMX,2022-01-03,2026-05-28,200.0,
AMZE,2022-01-03,2026-05-28,200.0,
AMZN,2022-01-03,2026-05-28,200.0,
AN,2022-01-03,2026-05-28,200.0,
ANAB,2022-01-03,2026-05-28,200.0,
ANDE,2022-01-03,2026-05-28,200.0,
ANDG,2025-12-17,2026-05-28,200.0,
ANEB,2022-01-03,2026-05-28,200.0,
ANET,2022-01-03,2026-05-28,200.0,
ANF,2022-01-03,2026-05-28,200.0,
ANGI,2022-01-03,2026-05-28,200.0,
ANGO,2022-01-03,2026-05-28,200.0,
ANGX,2025-09-11,2026-05-28,200.0,
ANIK,2022-01-03,2026-05-28,200.0,
ANIP,2022-01-03,2026-05-28,200.0,
ANIX,2022-01-03,2026-05-28,200.0,
ANL,2023-09-29,2026-05-28,200.0,
ANNA,2022-02-22,2026-05-28,200.0,
ANNX,2022-01-03,2026-05-28,200.0,
ANPA,2025-07-08,2026-05-28,200.0,
ANRO,2024-02-02,2026-05-28,200.0,
ANTX,2022-03-25,2026-05-28,200.0,
ANVS,2022-01-03,2026-05-28,200.0,
ANY,2022-01-03,2026-05-28,200.0,
AOMR,2022-01-03,2026-05-28,200.0,
AON,2022-01-03,2026-05-28,200.0,
AORT,2022-01-03,2026-05-28,200.0,
AOS,2022-01-03,2026-05-28,200.0,
AOSL,2022-01-03,2026-05-28,200.0,
AOUT,2022-01-03,2026-05-28,200.0,
APA,2022-01-03,2026-05-28,200.0,
APAM,2022-01-03,2026-05-28,200.0,
APC,2026-02-12,2026-05-28,200.0,
APCX,2022-01-03,2026-05-28,200.0,
APD,2022-01-03,2026-05-28,200.0,
APEI,2022-01-03,2026-05-28,200.0,
APG,2022-01-03,2026-05-28,200.0,
APGE,2023-07-14,2026-05-28,200.0,
APH,2022-01-03,2026-05-28,200.0,
API,2022-01-03,2026-05-28,200.0,
APLD,2022-04-13,2026-05-28,200.0,
APLE,2022-01-03,2026-05-28,200.0,
APLT,,,,HTTP 404
APLU,2024-12-05,2026-05-28,200.0,
APLY,2023-04-18,2026-05-28,200.0,
APO,2022-01-03,2026-05-28,200.0,
APOG,2022-01-03,2026-05-28,200.0,
APP,2022-01-03,2026-05-28,200.0,
APPF,2022-01-03,2026-05-28,200.0,
APPN,2022-01-03,2026-05-28,200.0,
APPS,2022-01-03,2026-05-28,200.0,
APRE,2022-01-03,2026-05-28,200.0,
APT,2022-01-03,2026-05-28,200.0,
APTV,2022-01-03,2026-05-28,200.0,
APUE,2023-05-03,2026-05-28,200.0,
APUS,2025-05-09,2026-05-28,200.0,
APVO,2022-01-03,2026-05-28,200.0,
APWC,2022-01-03,2026-05-28,200.0,
APYX,2022-01-03,2026-05-28,200.0,
AQB,2022-01-03,2026-05-28,200.0,
AQEC,2025-11-18,2026-05-28,200.0,
AQMS,2022-01-03,2026-05-28,200.0,
AQN,2022-01-03,2026-05-28,200.0,
AQST,2022-01-03,2026-05-28,200.0,
AR,2022-01-03,2026-05-28,200.0,
ARAI,2025-05-15,2026-05-28,200.0,
ARAY,2022-01-03,2026-05-28,200.0,
ARB,2022-01-03,2026-05-28,200.0,
ARBB,2023-04-05,2026-05-28,200.0,
ARBK,2022-01-03,2026-05-28,200.0,
ARCB,2022-01-03,2026-05-28,200.0,
ARCC,2022-01-03,2026-05-28,200.0,
ARCT,2022-01-03,2026-05-28,200.0,
ARDT,2024-07-18,2026-05-28,200.0,
ARDX,2022-01-03,2026-05-28,200.0,
ARE,2022-01-03,2026-05-28,200.0,
AREBW,,,,HTTP 400
AREC,2022-01-03,2026-05-28,200.0,
AREN,2022-01-03,2026-05-28,200.0,
ARES,2022-01-03,2026-05-28,200.0,
ARGX,2022-01-03,2026-05-28,200.0,
ARHS,2022-01-03,2026-05-28,200.0,
ARI,2022-01-03,2026-05-28,200.0,
ARIS,2022-01-03,2026-05-28,200.0,
ARKB,2024-01-11,2026-05-28,200.0,
ARKK,2022-01-03,2026-05-28,200.0,
ARKO,2022-01-03,2026-05-28,200.0,
ARKR,2022-01-03,2026-05-28,200.0,
ARL,2022-01-03,2026-05-28,200.0,
ARLO,2022-01-03,2026-05-28,200.0,
ARLP,2022-01-03,2026-05-28,200.0,
ARM,2023-09-14,2026-05-28,200.0,
ARMK,2022-01-03,2026-05-28,200.0,
ARMP,2022-01-03,2026-05-28,200.0,
AROC,2022-01-03,2026-05-28,200.0,
AROW,2022-01-03,2026-05-28,200.0,
ARQ,2022-01-03,2026-05-28,200.0,
ARQT,2022-01-03,2026-05-28,200.0,
ARR,2022-01-03,2026-05-28,200.0,
ARRY,2022-01-03,2026-05-28,200.0,
ARTL,2022-01-03,2026-05-28,200.0,
ARTNA,2022-01-03,2026-05-28,200.0,
ARTV,2024-07-19,2026-05-28,200.0,
ARTY,2022-01-03,2026-05-28,200.0,
ARVN,2022-01-03,2026-05-28,200.0,
ARVR,2022-04-20,2026-05-28,200.0,
ARW,2022-01-03,2026-05-28,200.0,
ARWR,2022-01-03,2026-05-28,200.0,
ARX,2025-07-24,2026-05-28,200.0,
ARXS,2026-04-16,2026-05-28,200.0,
AS,2024-02-01,2026-05-28,200.0,
ASAN,2022-01-03,2026-05-28,200.0,
ASB,2022-01-03,2026-05-28,200.0,
ASC,2022-01-03,2026-05-28,200.0,
ASCE,2025-07-08,2026-05-28,200.0,
ASH,2022-01-03,2026-05-28,200.0,
ASIC,2025-06-11,2026-05-28,200.0,
ASIX,2022-01-03,2026-05-28,200.0,
ASLE,2022-01-03,2026-05-28,200.0,
ASM,2022-01-03,2026-05-28,200.0,
ASMB,2022-01-03,2026-05-28,200.0,
ASMG,2025-01-14,2026-05-28,200.0,
ASND,2022-01-03,2026-05-28,200.0,
ASNS,2022-05-13,2026-05-28,200.0,
ASO,2022-01-03,2026-05-28,200.0,
ASPI,2022-11-10,2026-05-28,200.0,
ASPN,2022-01-03,2026-05-28,200.0,
ASRV,2022-01-03,2026-05-28,200.0,
ASST,2023-02-03,2026-05-28,200.0,
ASTC,2022-01-03,2026-05-28,200.0,
ASTE,2022-01-03,2026-05-28,200.0,
ASTH,2022-01-03,2026-05-28,200.0,
ASTI,2022-08-24,2026-05-28,200.0,
ASTL,2022-01-03,2026-05-28,200.0,
ASTS,2022-01-03,2026-05-28,200.0,
ASUR,2022-01-03,2026-05-28,200.0,
ASX,2022-01-03,2026-05-28,200.0,
ASYS,2022-01-03,2026-05-28,200.0,
ATAI,2022-01-03,2026-05-28,200.0,
ATAT,2022-11-11,2026-05-28,200.0,
ATCH,2022-01-03,2026-05-28,200.0,
ATCX,2026-01-09,2026-05-28,200.0,
ATEN,2022-01-03,2026-05-28,200.0,
ATER,2022-01-03,2026-05-28,200.0,
ATEX,2022-01-03,2026-05-28,200.0,
ATFV,2022-01-03,2026-05-28,200.0,
ATGL,2023-10-31,2026-05-28,200.0,
ATHE,2022-01-03,2026-05-28,200.0,
ATHM,2022-01-03,2026-05-28,200.0,
ATHR,2025-04-10,2026-05-28,200.0,
ATHXQ,2022-01-03,2026-05-28,200.0,
ATI,2022-01-03,2026-05-28,200.0,
ATKR,2022-01-03,2026-05-28,200.0,
ATLC,2022-01-03,2026-05-28,200.0,
ATLO,2022-01-03,2026-05-28,200.0,
ATLX,2022-01-03,2026-05-28,200.0,
ATMU,2023-05-26,2026-05-28,200.0,
ATNI,2022-01-03,2026-05-28,200.0,
ATNM,2022-01-03,2026-05-28,200.0,
ATO,2022-01-03,2026-05-28,200.0,
ATOM,2022-01-03,2026-05-28,200.0,
ATOS,2022-01-03,2026-05-28,200.0,
ATPC,2023-09-11,2026-05-28,200.0,
ATR,2022-01-03,2026-05-28,200.0,
ATRA,2022-01-03,2026-05-28,200.0,
ATRC,2022-01-03,2026-05-28,200.0,
ATRO,2022-01-03,2026-05-28,200.0,
ATS,2022-01-03,2026-05-28,200.0,
ATXG,2022-01-03,2026-05-28,200.0,
ATXI,2022-01-03,2026-05-28,200.0,
ATYR,2022-01-03,2026-05-28,200.0,
AU,2022-01-03,2026-05-28,200.0,
AUB,2022-01-03,2026-05-28,200.0,
AUC,2022-01-03,2026-05-28,200.0,
AUDC,2022-01-03,2026-05-28,200.0,
AUGO,2025-07-16,2026-05-28,200.0,
AUID,2022-01-03,2026-05-28,200.0,
AUMN,2022-01-03,2026-05-28,200.0,
AUNA,2024-03-22,2026-05-28,200.0,
AUPH,2022-01-03,2026-05-28,200.0,
AUR,2022-01-03,2026-05-28,200.0,
AURA,2022-01-03,2026-05-28,200.0,
AURE,2023-07-07,2026-05-28,200.0,
AUROW,,,,HTTP 400
AUST,2022-05-04,2026-05-28,200.0,
AUTL,2022-01-03,2026-05-28,200.0,
AUUD,2022-01-03,2026-05-28,200.0,
AVA,2022-01-03,2026-05-28,200.0,
AVAH,2022-01-03,2026-05-28,200.0,
AVAL,2022-01-03,2026-05-28,200.0,
AVAV,2022-01-03,2026-05-28,200.0,
AVBC,2025-08-01,2026-05-28,200.0,
AVBH,2022-01-03,2026-05-28,200.0,
AVBP,2024-01-26,2026-05-28,200.0,
AVD,2022-01-03,2026-05-28,200.0,
AVEX,2026-04-17,2026-05-28,200.0,
AVGO,2022-01-03,2026-05-28,200.0,
AVIR,2022-01-03,2026-05-28,200.0,
AVLN,2026-04-30,2026-05-28,200.0,
AVNT,2022-01-03,2026-05-28,200.0,
AVNW,2022-01-03,2026-05-28,200.0,
AVO,2022-01-03,2026-05-28,200.0,
AVPT,2022-01-03,2026-05-28,200.0,
AVR,2024-12-13,2026-05-28,200.0,
AVRE,2022-01-03,2026-05-28,200.0,
AVSC,2022-01-13,2026-05-28,200.0,
AVT,2022-01-03,2026-05-28,200.0,
AVTR,2022-01-03,2026-05-28,200.0,
AVTX,2022-01-03,2026-05-28,200.0,
AVX,2022-01-03,2026-05-28,200.0,
AVXL,2022-01-03,2026-05-28,200.0,
AVY,2022-01-03,2026-05-28,200.0,
AWHL,2022-01-03,2026-05-28,200.0,
AWI,2022-01-03,2026-05-28,200.0,
AWK,2022-01-03,2026-05-28,200.0,
AWP,2022-01-03,2026-05-28,200.0,
AWR,2022-01-03,2026-05-28,200.0,
AWRE,2022-01-03,2026-05-28,200.0,
AWX,2022-01-03,2026-05-28,200.0,
AX,2022-01-03,2026-05-28,200.0,
AXGN,2022-01-03,2026-05-28,200.0,
AXIAY,,,,HTTP 400
AXIL,2024-02-14,2026-05-28,200.0,
AXON,2022-01-03,2026-05-28,200.0,
AXP,2022-01-03,2026-05-28,200.0,
AXR,2022-01-03,2026-05-28,200.0,
AXSM,2022-01-03,2026-05-28,200.0,
AXTA,2022-01-03,2026-05-28,200.0,
AXTI,2022-01-03,2026-05-28,200.0,
AYA,2022-01-03,2026-05-28,200.0,
AYI,2022-01-03,2026-05-28,200.0,
AYTU,2022-01-03,2026-05-28,200.0,
AZ,2022-01-03,2026-05-28,200.0,
AZEK,,,,HTTP 404
AZI,2024-08-28,2026-05-28,200.0,
AZIO,2022-01-03,2026-05-28,200.0,
AZN,2022-01-03,2026-05-28,200.0,
AZO,2022-01-03,2026-05-28,200.0,
AZTA,2022-01-03,2026-05-28,200.0,
AZTR,2023-06-16,2026-05-28,200.0,
AZUL,2026-05-28,2026-05-28,200.0,
AZZ,2022-01-03,2026-05-28,200.0,
B,2022-01-03,2026-05-28,200.0,
BA,2022-01-03,2026-05-28,200.0,
BABA,2022-01-03,2026-05-28,200.0,
BAC,2022-01-03,2026-05-28,200.0,
BAER,2022-01-03,2026-05-28,200.0,
BAFN,2022-01-03,2026-05-28,200.0,
BAH,2022-01-03,2026-05-28,200.0,
BAK,2022-01-03,2026-05-28,200.0,
BALL,2022-01-03,2026-05-28,200.0,
BALY,2024-12-06,2026-05-28,200.0,
BAM,2022-12-01,2026-05-28,200.0,
BAMV,2023-10-02,2026-05-28,200.0,
BAMY,2023-10-03,2026-05-28,200.0,
BANC,2022-01-03,2026-05-28,200.0,
BAND,2022-01-03,2026-05-28,200.0,
BANF,2022-01-03,2026-05-28,200.0,
BANR,2022-01-03,2026-05-28,200.0,
BANX,2022-01-03,2026-05-28,200.0,
BAP,2022-01-03,2026-05-28,200.0,
BAR,2022-01-03,2026-05-28,200.0,
BARK,2022-01-03,2026-05-28,200.0,
BASE,,,,HTTP 404
BATL,2022-01-03,2026-05-28,200.0,
BATRA,2022-01-03,2026-05-28,200.0,
BATRK,2022-01-03,2026-05-28,200.0,
BATT,2022-01-03,2026-05-28,200.0,
BAX,2022-01-03,2026-05-28,200.0,
BAYAR,,,200.0,
BB,2022-01-03,2026-05-28,200.0,
BBAG,2022-01-03,2026-05-28,200.0,
BBAI,2022-01-03,2026-05-28,200.0,
BBAR,2022-01-03,2026-05-28,200.0,
BBCB,2022-01-03,2026-05-28,200.0,
BBCP,2022-01-03,2026-05-28,200.0,
BBDC,2022-01-03,2026-05-28,200.0,
BBGI,2022-01-03,2026-05-28,200.0,
BBH,2022-01-03,2026-05-28,200.0,
BBHM,2025-11-17,2026-05-28,200.0,
BBHY,2022-01-03,2026-05-28,200.0,
BBIO,2022-01-03,2026-05-28,200.0,
BBLG,2022-01-03,2026-05-28,200.0,
BBLU,2022-10-17,2026-05-28,200.0,
BBMC,2022-01-03,2026-05-28,200.0,
BBNX,2025-01-30,2026-05-28,200.0,
BBOT,2024-02-09,2026-05-28,200.0,
BBSC,2022-01-03,2026-05-28,200.0,
BBSI,2022-01-03,2026-05-28,200.0,
BBT,2022-01-03,2026-05-28,200.0,
BBUC,2022-03-07,2026-05-28,200.0,
BBVA,2022-01-03,2026-05-28,200.0,
BBW,2022-01-03,2026-05-28,200.0,
BBWI,2022-01-03,2026-05-28,200.0,
BBY,2022-01-03,2026-05-28,200.0,
BC,2022-01-03,2026-05-28,200.0,
BCAB,2022-01-03,2026-05-28,200.0,
BCAL,2022-01-03,2026-05-28,200.0,
BCAX,2024-09-13,2026-05-28,200.0,
BCBP,2022-01-03,2026-05-28,200.0,
BCC,2022-01-03,2026-05-28,200.0,
BCDA,2022-01-03,2026-05-28,200.0,
BCE,2022-01-03,2026-05-28,200.0,
BCG,2024-03-27,2026-05-28,200.0,
BCGD,2025-12-15,2026-05-28,200.0,
BCH,2022-01-03,2026-05-28,200.0,
BCHT,2022-01-03,2026-05-28,200.0,
BCIC,2022-01-03,2026-05-28,200.0,
BCLI,2022-01-03,2026-05-28,200.0,
BCML,2022-01-03,2026-05-28,200.0,
BCO,2022-01-03,2026-05-28,200.0,
BCOW,2022-01-03,2026-05-28,200.0,
BCPC,2022-01-03,2026-05-28,200.0,
BCRX,2022-01-03,2026-05-28,200.0,
BCS,2022-01-03,2026-05-28,200.0,
BCSF,2022-01-03,2026-05-28,200.0,
BCTK,2025-12-15,2026-05-28,200.0,
BCTX,2022-01-03,2026-05-28,200.0,
BCTXL,,,200.0,
BCYC,2022-01-03,2026-05-28,200.0,
BDC,2022-01-03,2026-05-28,200.0,
BDL,2022-01-03,2026-05-28,200.0,
BDN,2022-01-03,2026-05-28,200.0,
BDRX,2022-01-03,2026-05-28,200.0,
BDRY,2022-01-03,2026-05-28,200.0,
BDSX,2022-01-03,2026-05-28,200.0,
BDTX,2022-01-03,2026-05-28,200.0,
BDX,2022-01-03,2026-05-28,200.0,
BE,2022-01-03,2026-05-28,200.0,
BEAM,2022-01-03,2026-05-28,200.0,
BEAT,2022-01-03,2026-05-28,200.0,
BEATW,,,,HTTP 400
BEEM,2022-01-03,2026-05-28,200.0,
BEEP,2023-08-28,2026-05-28,200.0,
BEKE,2022-01-03,2026-05-28,200.0,
BELFA,2022-01-03,2026-05-28,200.0,
BELFB,2022-01-03,2026-05-28,200.0,
BEN,2022-01-03,2026-05-28,200.0,
BENF,2022-01-03,2026-05-28,200.0,
BENFW,,,,HTTP 400
BENJ,2025-01-23,2026-05-28,200.0,
BEPC,2022-01-03,2026-05-28,200.0,
BETA,2025-11-04,2026-05-28,200.0,
BETR,2022-01-03,2026-05-28,200.0,
BETZ,2022-01-03,2026-05-28,200.0,
BF/A,2022-01-03,2026-05-28,200.0,
BF/B,2022-01-03,2026-05-28,200.0,
BFAM,2022-01-03,2026-05-28,200.0,
BFC,2022-01-03,2026-05-28,200.0,
BFH,2022-01-03,2026-05-28,200.0,
BFLY,2022-01-03,2026-05-28,200.0,
BFRG,2023-02-13,2026-05-28,200.0,
BFRI,2022-01-03,2026-05-28,200.0,
BFRIW,,,,HTTP 400
BFS,2022-01-03,2026-05-28,200.0,
BFST,2022-01-03,2026-05-28,200.0,
BG,2022-01-03,2026-05-28,200.0,
BGC,2022-01-03,2026-05-28,200.0,
BGDE,2022-01-03,2026-05-28,200.0,
BGI,2022-01-03,2026-05-28,200.0,
BGIN,2025-10-21,2026-05-28,200.0,
BGM,2022-01-03,2026-05-28,200.0,
BGMS,2022-01-03,2026-05-28,200.0,
BGS,2022-01-03,2026-05-28,200.0,
BGSF,2022-01-03,2026-05-28,200.0,
BGSI,2025-11-03,2026-05-28,200.0,
BH,2022-01-03,2026-05-28,200.0,
BHATF,2022-01-03,2026-05-28,200.0,
BHB,2022-01-03,2026-05-28,200.0,
BHC,2022-01-03,2026-05-28,200.0,
BHE,2022-01-03,2026-05-28,200.0,
BHF,2022-01-03,2026-05-28,200.0,
BHILQ,2022-01-03,2026-05-28,200.0,
BHM,2022-09-28,2026-05-28,200.0,
BHP,2022-01-03,2026-05-28,200.0,
BHR,2022-01-03,2026-05-28,200.0,
BHRB,2022-01-03,2026-05-28,200.0,
BHST,2022-01-03,2026-05-28,200.0,
BHVN,2022-09-23,2026-05-28,200.0,
BIAF,2022-09-01,2026-05-28,200.0,
BIBL,2022-01-03,2026-05-28,200.0,
BIDU,2022-01-03,2026-05-28,200.0,
BIGGQ,2022-01-03,2026-05-28,200.0,
BIIB,2022-01-03,2026-05-28,200.0,
BILI,2022-01-03,2026-05-28,200.0,
BILL,2022-01-03,2026-05-28,200.0,
BIMI,2022-01-03,2026-05-28,200.0,
BIO,2022-01-03,2026-05-28,200.0,
BIO/B,2022-01-03,2026-05-28,200.0,
BIOA,2024-09-26,2026-05-28,200.0,
BIOLQ,2022-01-03,2026-05-28,200.0,
BIOX,2022-01-03,2026-05-28,200.0,
BIPC,2022-01-03,2026-05-28,200.0,
BIRD,2022-01-03,2026-05-28,200.0,
BIRK,2023-10-11,2026-05-28,200.0,
BITA,,,,HTTP 400
BITB,2024-01-11,2026-05-28,200.0,
BITO,2022-01-03,2026-05-28,200.0,
BITW,2022-01-03,2026-05-28,200.0,
BIVI,2022-01-03,2026-05-28,200.0,
BIZD,2022-01-03,2026-05-28,200.0,
BJ,2022-01-03,2026-05-28,200.0,
BJDX,2022-01-03,2026-05-28,200.0,
BKAG,2022-01-03,2026-05-28,200.0,
BKD,2022-01-03,2026-05-28,200.0,
BKDV,2024-11-07,2026-05-28,200.0,
BKE,2022-01-03,2026-05-28,200.0,
BKF,2022-01-03,2026-05-28,200.0,
BKH,2022-01-03,2026-05-28,200.0,
BKKT,2022-01-03,2026-05-28,200.0,
BKNG,2022-01-03,2026-05-28,200.0,
BKR,2022-01-03,2026-05-28,200.0,
BKSY,2022-01-03,2026-05-28,200.0,
BKSYW,,,200.0,
BKTI,2022-01-03,2026-05-28,200.0,
BKU,2022-01-03,2026-05-28,200.0,
BKV,2024-09-26,2026-05-28,200.0,
BL,2022-01-03,2026-05-28,200.0,
BLBD,2022-01-03,2026-05-28,200.0,
BLCO,2022-05-06,2026-05-28,200.0,
BLDP,2022-01-03,2026-05-28,200.0,
BLDR,2022-01-03,2026-05-28,200.0,
BLFS,2022-01-03,2026-05-28,200.0,
BLFY,,,,HTTP 404
BLIN,2022-01-03,2026-05-28,200.0,
BLK,2022-01-03,2026-05-28,200.0,
BLKB,2022-01-03,2026-05-28,200.0,
BLLN,2025-11-06,2026-05-28,200.0,
BLMN,2022-01-03,2026-05-28,200.0,
BLND,2022-01-03,2026-05-28,200.0,
BLNE,2022-01-03,2026-05-28,200.0,
BLNK,2022-01-03,2026-05-28,200.0,
BLOX,2025-06-17,2026-05-28,200.0,
BLRX,2022-01-03,2026-05-28,200.0,
BLSH,2025-08-13,2026-05-28,200.0,
BLTE,2022-04-29,2026-05-28,200.0,
BLV,2022-01-03,2026-05-28,200.0,
BLZE,2022-01-03,2026-05-28,200.0,
BMBL,2022-01-03,2026-05-28,200.0,
BMEA,2022-01-03,2026-05-28,200.0,
BMI,2022-01-03,2026-05-28,200.0,
BMM,2026-01-26,2026-05-28,200.0,
BMNR,2025-06-05,2026-05-28,200.0,
BMR,2023-02-28,2026-05-28,200.0,
BMRA,2022-01-03,2026-05-28,200.0,
BMRC,2022-01-03,2026-05-28,200.0,
BMRN,2022-01-03,2026-05-28,200.0,
BMY,2022-01-03,2026-05-28,200.0,
BN,2022-01-03,2026-05-28,200.0,
BNAI,2022-01-03,2026-05-28,200.0,
BNAIW,,,,HTTP 400
BNBX,2022-01-03,2026-05-28,200.0,
BNC,2022-01-03,2026-05-28,200.0,
BNCWW,,,,HTTP 400
BNED,2022-01-03,2026-05-28,200.0,
BNGE,2022-02-04,2026-05-28,200.0,
BNGO,2022-01-03,2026-05-28,200.0,
BNKK,2022-01-03,2026-05-28,200.0,
BNL,2022-01-03,2026-05-28,200.0,
BNR,2022-01-03,2026-05-28,200.0,
BNS,2022-01-03,2026-05-28,200.0,
BNT,2022-01-03,2026-05-28,200.0,
BNTC,2022-01-03,2026-05-28,200.0,
BNTX,2022-01-03,2026-05-28,200.0,
BNY,2022-01-03,2026-05-28,200.0,
BOBS,2026-02-05,2026-05-28,200.0,
BOC,2022-01-03,2026-05-28,200.0,
BODI,2022-01-03,2026-05-28,200.0,
BOEG,2025-06-13,2026-05-28,200.0,
BOF,2023-06-16,2026-05-28,200.0,
BOH,2022-01-03,2026-05-28,200.0,
BOKF,2022-01-03,2026-05-28,200.0,
BOLD,2024-03-28,2026-05-28,200.0,
BOLT,2022-01-03,2026-05-28,200.0,
BON,2022-01-03,2026-05-28,200.0,
BOOM,2022-01-03,2026-05-28,200.0,
BOOT,2022-01-03,2026-05-28,200.0,
BORR,2022-01-03,2026-05-28,200.0,
BOSC,2022-01-03,2026-05-28,200.0,
BOTJ,2022-01-03,2026-05-28,200.0,
BOUT,2022-01-03,2026-05-28,200.0,
BOW,2024-05-23,2026-05-28,200.0,
BOX,2022-01-03,2026-05-28,200.0,
BOXL,2022-01-03,2026-05-28,200.0,
BP,2022-01-03,2026-05-28,200.0,
BPOP,2022-01-03,2026-05-28,200.0,
BPRE,2025-12-16,2026-05-28,200.0,
BPRN,2022-01-03,2026-05-28,200.0,
BPTH,2022-01-03,2026-05-28,200.0,
BR,2022-01-03,2026-05-28,200.0,
BRAG,2022-01-03,2026-05-28,200.0,
BRBR,2022-01-03,2026-05-28,200.0,
BRBS,2022-01-03,2026-05-28,200.0,
BRC,2022-01-03,2026-05-28,200.0,
BRCB,2025-09-12,2026-05-28,200.0,
BRCC,2022-02-10,2026-05-28,200.0,
BRF,2022-01-03,2026-05-28,200.0,
BRFH,2022-01-03,2026-05-28,200.0,
BRID,2022-01-03,2026-05-28,200.0,
BRK/A,2022-01-03,2026-05-28,200.0,
BRK/B,2022-01-03,2026-05-28,200.0,
BRKR,2022-01-03,2026-05-28,200.0,
BRKU,2024-12-11,2026-05-28,200.0,
BRLS,2022-01-03,2026-05-28,200.0,
BRLT,2022-01-03,2026-05-28,200.0,
BRN,2022-01-03,2026-05-28,200.0,
BRNS,2022-01-03,2026-05-28,200.0,
BRO,2022-01-03,2026-05-28,200.0,
BROS,2022-01-03,2026-05-28,200.0,
BRR,2025-06-09,2026-05-28,200.0,
BRRR,2024-01-11,2026-05-28,200.0,
BRRWW,2025-06-09,2026-05-28,200.0,
BRSHF,2022-08-03,2026-05-28,200.0,
BRSL,2022-01-03,2026-05-28,200.0,
BRSP,2022-01-03,2026-05-28,200.0,
BRSWF,,,,HTTP 404
BRT,2022-01-03,2026-05-28,200.0,
BRTX,2022-01-03,2026-05-28,200.0,
BRUN,2024-12-30,2026-05-28,200.0,
BRX,2022-01-03,2026-05-28,200.0,
BRZE,2022-01-03,2026-05-28,200.0,
BSAC,2022-01-03,2026-05-28,200.0,
BSBK,2022-01-03,2026-05-28,200.0,
BSBR,2022-01-03,2026-05-28,200.0,
BSET,2022-01-03,2026-05-28,200.0,
BSFC,2022-01-03,2026-05-28,200.0,
BSIN,2022-01-03,2026-05-28,200.0,
BSM,2022-01-03,2026-05-28,200.0,
BSMC,2023-10-06,2026-05-28,200.0,
BSOL,2025-10-28,2026-05-28,200.0,
BSRR,2022-01-03,2026-05-28,200.0,
BSVN,2022-01-03,2026-05-28,200.0,
BSX,2022-01-03,2026-05-28,200.0,
BSY,2022-01-03,2026-05-28,200.0,
BTAI,2022-01-03,2026-05-28,200.0,
BTBD,2022-01-03,2026-05-28,200.0,
BTBDW,,,,HTTP 400
BTBT,2022-01-03,2026-05-28,200.0,
BTC,2024-07-31,2026-05-28,200.0,
BTCO,2024-01-11,2026-05-28,200.0,
BTCS,2022-01-03,2026-05-28,200.0,
BTCT,2022-01-03,2026-05-28,200.0,
BTCW,2024-01-11,2026-05-28,200.0,
BTCY,2022-01-03,2026-05-28,200.0,
BTDR,2022-01-03,2026-05-28,200.0,
BTE,2022-01-03,2026-05-28,200.0,
BTG,2022-01-03,2026-05-28,200.0,
BTGO,2026-01-21,2026-05-28,200.0,
BTI,2022-01-03,2026-05-28,200.0,
BTLN,2022-01-03,2026-05-28,200.0,
BTMCQ,2022-04-19,2026-05-28,200.0,
BTMD,2022-01-03,2026-05-28,200.0,
BTOC,2024-05-14,2026-05-28,200.0,
BTOG,2022-01-03,2026-05-28,200.0,
BTQ,2025-09-26,2026-05-28,200.0,
BTSG,2024-01-26,2026-05-28,200.0,
BTTC,2025-10-02,2026-05-28,200.0,
BTTX,2022-01-03,2026-05-28,200.0,
BTU,2022-01-03,2026-05-28,200.0,
BUD,2022-01-03,2026-05-28,200.0,
BUDA,2026-01-08,2026-05-28,200.0,
BUFG,,,,NOT_FETCHED
BUFH,2025-06-25,2026-05-28,200.0,
BUFT,,,,NOT_FETCHED
BUR,2022-01-03,2026-05-28,200.0,
BURL,2022-01-03,2026-05-28,200.0,
BURU,2022-01-03,2026-05-28,200.0,
BUSA,2023-10-05,2026-05-28,200.0,
BUXX,2023-08-10,2026-05-28,200.0,
BUYW,2022-09-12,2026-05-28,200.0,
BUZZ,2022-01-03,2026-05-28,200.0,
BV,2022-01-03,2026-05-28,200.0,
BVAL,2025-06-24,2026-05-28,200.0,
BVFL,2022-01-03,2026-05-28,200.0,
BVS,2022-01-03,2026-05-28,200.0,
BW,2022-01-03,2026-05-28,200.0,
BWA,2022-01-03,2026-05-28,200.0,
BWAY,2022-01-03,2026-05-28,200.0,
BWB,2022-01-03,2026-05-28,200.0,
BWEN,2022-01-03,2026-05-28,200.0,
BWFG,2022-01-03,2026-05-28,200.0,
BWIN,2022-01-03,2026-05-28,200.0,
BWLP,2022-01-03,2026-05-28,200.0,
BWMN,2022-01-03,2026-05-28,200.0,
BWXT,2022-01-03,2026-05-28,200.0,
BX,2022-01-03,2026-05-28,200.0,
BXC,2022-01-03,2026-05-28,200.0,
BXDC,2026-05-14,2026-05-28,200.0,
BXMT,2022-01-03,2026-05-28,200.0,
BXP,2022-01-03,2026-05-28,200.0,
BXSL,2022-01-03,2026-05-28,200.0,
BY,2022-01-03,2026-05-28,200.0,
BYAH,2024-12-27,2026-05-28,200.0,
BYD,2022-01-03,2026-05-28,200.0,
BYFC,2022-01-03,2026-05-28,200.0,
BYNOW,,,200.0,
BYRN,2022-01-03,2026-05-28,200.0,
BYSI,2022-01-03,2026-05-28,200.0,
BZ,2022-01-03,2026-05-28,200.0,
BZAI,2022-01-31,2026-05-28,200.0,
BZFD,2022-01-03,2026-05-28,200.0,
BZH,2022-01-03,2026-05-28,200.0,
BZUN,2022-01-03,2026-05-28,200.0,
C,2022-01-03,2026-05-28,200.0,
CAAA,2024-02-29,2026-05-28,200.0,
CAAS,2022-01-03,2026-05-28,200.0,
CABA,2022-01-03,2026-05-28,200.0,
CABO,2022-01-03,2026-05-28,200.0,
CAC,2022-01-03,2026-05-28,200.0,
CACI,2022-01-03,2026-05-28,200.0,
CADE,,,,HTTP 404
CADL,2022-01-03,2026-05-28,200.0,
CAE,2022-01-03,2026-05-28,200.0,
CAG,2022-01-03,2026-05-28,200.0,
CAH,2022-01-03,2026-05-28,200.0,
CAI,2025-06-18,2026-05-28,200.0,
CAKE,2022-01-03,2026-05-28,200.0,
CAL,2022-01-03,2026-05-28,200.0,
CALC,2023-06-14,2026-05-28,200.0,
CALM,2022-01-03,2026-05-28,200.0,
CALX,2022-01-03,2026-05-28,200.0,
CALY,2022-01-03,2026-05-28,200.0,
CAM,2025-10-06,2026-05-28,200.0,
CAMP,2024-10-11,2026-05-28,200.0,
CAMT,2022-01-03,2026-05-28,200.0,
CAN,2022-01-03,2026-05-28,200.0,
CANC,2023-08-14,2026-05-28,200.0,
CANE,2022-01-03,2026-05-28,200.0,
CANF,2022-01-03,2026-05-28,200.0,
CANG,2022-01-03,2026-05-28,200.0,
CAPL,2022-01-03,2026-05-28,200.0,
CAPR,2022-01-03,2026-05-28,200.0,
CAPS,2022-01-03,2026-05-28,200.0,
CAR,2022-01-03,2026-05-28,200.0,
CARE,2022-01-03,2026-05-28,200.0,
CARG,2022-01-03,2026-05-28,200.0,
CARK,2023-12-07,2026-05-28,200.0,
CARL,2025-07-23,2026-05-28,200.0,
CARM,2023-03-08,2026-05-28,200.0,
CARR,2022-01-03,2026-05-28,200.0,
CARS,2022-01-03,2026-05-28,200.0,
CART,2023-09-19,2026-05-28,200.0,
CARV,2022-01-03,2026-05-28,200.0,
CARY,2022-11-08,2026-05-28,200.0,
CASH,2022-01-03,2026-05-28,200.0,
CASIF,2022-01-03,2026-05-28,200.0,
CASS,2022-01-03,2026-05-28,200.0,
CAST,2026-03-10,2026-05-28,200.0,
CAT,2022-01-03,2026-05-28,200.0,
CATO,2022-01-03,2026-05-28,200.0,
CATX,2022-01-03,2026-05-28,200.0,
CATY,2022-01-03,2026-05-28,200.0,
CAUD,2023-11-03,2026-05-28,200.0,
CAVA,2023-06-15,2026-05-28,200.0,
CB,2022-01-03,2026-05-28,200.0,
CBAN,2022-01-03,2026-05-28,200.0,
CBAT,2022-01-03,2026-05-28,200.0,
CBC,2025-11-21,2026-05-28,200.0,
CBFV,2022-01-03,2026-05-28,200.0,
CBIO,2022-01-03,2026-05-28,200.0,
CBK,2025-10-02,2026-05-28,200.0,
CBL,2022-01-03,2026-05-28,200.0,
CBLL,2024-10-11,2026-05-28,200.0,
CBNA,2024-10-04,2026-05-28,200.0,
CBNK,2022-01-03,2026-05-28,200.0,
CBOE,2022-01-03,2026-05-28,200.0,
CBRE,2022-01-03,2026-05-28,200.0,
CBRL,2022-01-03,2026-05-28,200.0,
CBRS,2026-05-14,2026-05-28,200.0,
CBSH,2022-01-03,2026-05-28,200.0,
CBT,2022-01-03,2026-05-28,200.0,
CBU,2022-01-03,2026-05-28,200.0,
CBUS,2022-01-03,2026-05-28,200.0,
CBZ,2022-01-03,2026-05-28,200.0,
CC,2022-01-03,2026-05-28,200.0,
CCAP,2022-01-03,2026-05-28,200.0,
CCB,2022-01-03,2026-05-28,200.0,
CCBG,2022-01-03,2026-05-28,200.0,
CCC,2022-01-03,2026-05-28,200.0,
CCCC,2022-01-03,2026-05-28,200.0,
CCEC,2022-01-03,2026-05-28,200.0,
CCEP,2022-01-03,2026-05-28,200.0,
CCI,2022-01-03,2026-05-28,200.0,
CCIF,2022-01-03,2026-05-28,200.0,
CCJ,2022-01-03,2026-05-28,200.0,
CCK,2022-01-03,2026-05-28,200.0,
CCL,2022-01-03,2026-05-28,200.0,
CCLD,2022-01-03,2026-05-28,200.0,
CCM,2022-01-03,2026-05-28,200.0,
CCNE,2022-01-03,2026-05-28,200.0,
CCO,2022-01-03,2026-05-28,200.0,
CCOI,2022-01-03,2026-05-28,200.0,
CCS,2022-01-03,2026-05-28,200.0,
CCSI,2022-01-03,2026-05-28,200.0,
CD,2022-01-03,2026-05-28,200.0,
CDE,2022-01-03,2026-05-28,200.0,
CDIOW,,,,HTTP 400
CDLR,2023-12-19,2026-05-28,200.0,
CDLX,2022-01-03,2026-05-28,200.0,
CDNA,2022-01-03,2026-05-28,200.0,
CDNL,2025-12-10,2026-05-28,200.0,
CDNS,2022-01-03,2026-05-28,200.0,
CDP,2022-01-03,2026-05-28,200.0,
CDRE,2022-01-03,2026-05-28,200.0,
CDTG,2024-04-19,2026-05-28,200.0,
CDTX,,,,HTTP 404
CDW,2022-01-03,2026-05-28,200.0,
CDX,2022-02-17,2026-05-28,200.0,
CDXS,2022-01-03,2026-05-28,200.0,
CDZI,2022-01-03,2026-05-28,200.0,
CE,2022-01-03,2026-05-28,200.0,
CECO,2022-01-03,2026-05-28,200.0,
CEF,2022-01-03,2026-05-28,200.0,
CEG,2022-01-19,2026-05-28,200.0,
CEIN,2022-01-03,2026-05-28,200.0,
CELC,2022-01-03,2026-05-28,200.0,
CELG-R,,,,HTTP 404
CELH,2022-01-03,2026-05-28,200.0,
CELU,2022-01-03,2026-05-28,200.0,
CELZ,2022-01-03,2026-05-28,200.0,
CENN,2022-01-03,2026-05-28,200.0,
CENT,2022-01-03,2026-05-28,200.0,
CENTA,2022-01-03,2026-05-28,200.0,
CENX,2022-01-03,2026-05-28,200.0,
CEPO,2025-01-07,2026-05-28,200.0,
CEPU,2022-01-03,2026-05-28,200.0,
CEPV,2025-11-04,2026-05-28,200.0,
CERS,2022-01-03,2026-05-28,200.0,
CERT,2022-01-03,2026-05-28,200.0,
CETY,2023-01-19,2026-05-28,200.0,
CEV,2022-01-03,2026-05-28,200.0,
CEVA,2022-01-03,2026-05-28,200.0,
CF,2022-01-03,2026-05-28,200.0,
CFBK,2022-01-03,2026-05-28,200.0,
CFFI,2022-01-03,2026-05-28,200.0,
CFFN,2022-01-03,2026-05-28,200.0,
CFG,2022-01-03,2026-05-28,200.0,
CFND,2025-08-07,2026-05-28,200.0,
CFR,2022-01-03,2026-05-28,200.0,
CG,2022-01-03,2026-05-28,200.0,
CGAU,2022-01-03,2026-05-28,200.0,
CGBD,2022-01-03,2026-05-28,200.0,
CGC,2022-01-03,2026-05-28,200.0,
CGEM,2022-01-03,2026-05-28,200.0,
CGEN,2022-01-03,2026-05-28,200.0,
CGHY,2025-06-26,2026-05-28,200.0,
CGMU,2022-10-27,2026-05-28,200.0,
CGNT,2022-01-03,2026-05-28,200.0,
CGNX,2022-01-03,2026-05-28,200.0,
CGON,2024-01-25,2026-05-28,200.0,
CGSD,2022-10-27,2026-05-28,200.0,
CGTL,2024-11-26,2026-05-28,200.0,
CGTX,2022-01-03,2026-05-28,200.0,
CHA,2025-04-17,2026-05-28,200.0,
CHAI,2022-01-03,2026-05-28,200.0,
CHCI,2022-01-03,2026-05-28,200.0,
CHCO,2022-01-03,2026-05-28,200.0,
CHCT,2022-01-03,2026-05-28,200.0,
CHD,2022-01-03,2026-05-28,200.0,
CHDN,2022-01-03,2026-05-28,200.0,
CHE,2022-01-03,2026-05-28,200.0,
CHEF,2022-01-03,2026-05-28,200.0,
CHGA,2022-01-03,2026-05-28,200.0,
CHGG,2022-01-03,2026-05-28,200.0,
CHH,2022-01-03,2026-05-28,200.0,
CHKP,2022-01-03,2026-05-28,200.0,
CHMG,2022-01-03,2026-05-28,200.0,
CHMI,2022-01-03,2026-05-28,200.0,
CHNR,2022-01-03,2026-05-28,200.0,
CHPT,2022-01-03,2026-05-28,200.0,
CHRD,2022-01-03,2026-05-28,200.0,
CHRN,2022-01-03,2026-05-28,200.0,
CHRS,2022-01-03,2026-05-28,200.0,
CHRW,2022-01-03,2026-05-28,200.0,
CHT,2022-01-03,2026-05-28,200.0,
CHTR,2022-01-03,2026-05-28,200.0,
CHWY,2022-01-03,2026-05-28,200.0,
CHYM,2025-06-12,2026-05-28,200.0,
CI,2022-01-03,2026-05-28,200.0,
CIA,2022-01-03,2026-05-28,200.0,
CIB,2022-01-03,2026-05-28,200.0,
CIEN,2022-01-03,2026-05-28,200.0,
CIFR,2022-01-03,2026-05-28,200.0,
CIM,2022-01-03,2026-05-28,200.0,
CINF,2022-01-03,2026-05-28,200.0,
CING,2022-01-03,2026-05-28,200.0,
CINGW,,,,HTTP 400
CINT,2022-01-03,2026-05-28,200.0,
CIO,,,,HTTP 404
CION,2022-01-03,2026-05-28,200.0,
CIRC,2022-01-03,2026-05-28,200.0,
CISO,2022-01-14,2026-05-28,200.0,
CISS,2023-06-14,2026-05-28,200.0,
CITR,2025-12-04,2026-05-28,200.0,
CIVB,2022-01-03,2026-05-28,200.0,
CIVI,,,,HTTP 404
CIX,2022-01-03,2026-05-28,200.0,
CIZN,2022-01-03,2026-05-28,200.0,
CJMB,2025-02-05,2026-05-28,200.0,
CKX,2022-01-03,2026-05-28,200.0,
CL,2022-01-03,2026-05-28,200.0,
CLAR,2022-01-03,2026-05-28,200.0,
CLB,2022-01-03,2026-05-28,200.0,
CLBT,2022-01-03,2026-05-28,200.0,
CLDT,2022-01-03,2026-05-28,200.0,
CLDWW,,,200.0,
CLDX,2022-01-03,2026-05-28,200.0,
CLF,2022-01-03,2026-05-28,200.0,
CLFD,2022-01-03,2026-05-28,200.0,
CLGN,2022-01-03,2026-05-28,200.0,
CLH,2022-01-03,2026-05-28,200.0,
CLIP,2023-06-22,2026-05-28,200.0,
CLIR,2022-01-03,2026-05-28,200.0,
CLLS,2022-01-03,2026-05-28,200.0,
CLM,2022-01-03,2026-05-28,200.0,
CLMB,2022-01-03,2026-05-28,200.0,
CLMT,2022-01-03,2026-05-28,200.0,
CLNE,2022-01-03,2026-05-28,200.0,
CLNN,2022-01-03,2026-05-28,200.0,
CLOA,2023-01-12,2026-05-28,200.0,
CLOI,2022-06-23,2026-05-28,200.0,
CLOV,2022-01-03,2026-05-28,200.0,
CLOX,,,,NOT_FETCHED
CLOZ,2023-01-24,2026-05-28,200.0,
CLPR,2022-01-03,2026-05-28,200.0,
CLPT,2022-01-03,2026-05-28,200.0,
CLRB,2022-01-03,2026-05-28,200.0,
CLRO,2022-01-03,2026-05-28,200.0,
CLS,2022-01-03,2026-05-28,200.0,
CLSK,2022-01-03,2026-05-28,200.0,
CLST,2022-01-03,2026-05-28,200.0,
CLVR,2022-01-03,2026-05-28,200.0,
CLVT,2022-01-03,2026-05-28,200.0,
CLW,2022-01-03,2026-05-28,200.0,
CLWT,2022-01-03,2026-05-28,200.0,
CLYM,2022-01-03,2026-05-28,200.0,
CM,2022-01-03,2026-05-28,200.0,
CMA,,,,HTTP 404
CMBMF,2022-01-03,2026-05-28,200.0,
CMBS,2022-01-03,2026-05-28,200.0,
CMBT,2022-01-03,2026-05-28,200.0,
CMC,2022-01-03,2026-05-28,200.0,
CMCM,2022-01-03,2026-05-28,200.0,
CMCO,2022-01-03,2026-05-28,200.0,
CMCSA,2022-01-03,2026-05-28,200.0,
CMCT,2022-01-03,2026-05-28,200.0,
CMDY,2022-01-03,2026-05-28,200.0,
CME,2022-01-03,2026-05-28,200.0,
CMG,2022-01-03,2026-05-28,200.0,
CMI,2022-01-03,2026-05-28,200.0,
CMLSQ,2022-01-03,2026-05-28,200.0,
CMMB,2022-01-03,2026-05-28,200.0,
CMND,2022-11-15,2026-05-28,200.0,
CMP,2022-01-03,2026-05-28,200.0,
CMPR,2022-01-03,2026-05-28,200.0,
CMPS,2022-01-03,2026-05-28,200.0,
CMPX,2022-01-03,2026-05-28,200.0,
CMRC,2022-01-03,2026-05-28,200.0,
CMS,2022-01-03,2026-05-28,200.0,
CMT,2022-01-03,2026-05-28,200.0,
CMTG,2022-01-03,2026-05-28,200.0,
CMTL,2022-01-03,2026-05-28,200.0,
CMTV,2022-01-03,2026-05-28,200.0,
CNA,2022-01-03,2026-05-28,200.0,
CNC,2022-01-03,2026-05-28,200.0,
CNDT,2022-01-03,2026-05-28,200.0,
CNET,2022-01-03,2026-05-28,200.0,
CNEY,2022-01-03,2026-05-28,200.0,
CNF,2022-01-03,2026-05-28,200.0,
CNK,2022-01-03,2026-05-28,200.0,
CNL,2022-01-03,2026-05-28,200.0,
CNM,2022-01-03,2026-05-28,200.0,
CNMD,2022-01-03,2026-05-28,200.0,
CNNE,2022-01-03,2026-05-28,200.0,
CNO,2022-01-03,2026-05-28,200.0,
CNOB,2022-01-03,2026-05-28,200.0,
CNP,2022-01-03,2026-05-28,200.0,
CNQ,2022-01-03,2026-05-28,200.0,
CNR,2022-01-03,2026-05-28,200.0,
CNS,2022-01-03,2026-05-28,200.0,
CNSP,2022-01-03,2026-05-28,200.0,
CNSY,2022-01-03,2026-05-28,200.0,
CNTN,2022-01-12,2026-05-28,200.0,
CNTX,2022-01-03,2026-05-28,200.0,
CNTY,2022-01-03,2026-05-28,200.0,
CNVS,2022-01-03,2026-05-28,200.0,
CNX,2022-01-03,2026-05-28,200.0,
CNXC,2022-01-03,2026-05-28,200.0,
CNXN,2022-01-03,2026-05-28,200.0,
COAG,2026-05-01,2026-05-28,200.0,
COCH,2022-01-03,2026-05-28,200.0,
COCO,2022-01-03,2026-05-28,200.0,
COCP,2022-01-03,2026-05-28,200.0,
CODA,2022-01-03,2026-05-28,200.0,
CODI,2022-01-03,2026-05-28,200.0,
CODX,2022-01-03,2026-05-28,200.0,
COE,2022-01-03,2026-05-28,200.0,
COF,2022-01-03,2026-05-28,200.0,
COFS,2022-01-03,2026-05-28,200.0,
COGT,2022-01-03,2026-05-28,200.0,
COHN,2022-01-03,2026-05-28,200.0,
COHR,2022-01-03,2026-05-28,200.0,
COHU,2022-01-03,2026-05-28,200.0,
COIN,2022-01-03,2026-05-28,200.0,
COKE,2022-01-03,2026-05-28,200.0,
COLB,2022-01-03,2026-05-28,200.0,
COLD,2022-01-03,2026-05-28,200.0,
COLL,2022-01-03,2026-05-28,200.0,
COLM,2022-01-03,2026-05-28,200.0,
COMP,2022-01-03,2026-05-28,200.0,
CON,2024-07-25,2026-05-28,200.0,
CONI,2024-09-04,2026-05-28,200.0,
COO,2022-01-03,2026-05-28,200.0,
COOK,2022-01-03,2026-05-28,200.0,
COP,2022-01-03,2026-05-28,200.0,
COPJ,2023-02-02,2026-05-28,200.0,
COPX,2022-01-03,2026-05-28,200.0,
COPY,2024-12-27,2026-05-28,200.0,
COR,2022-01-03,2026-05-28,200.0,
CORN,2022-01-03,2026-05-28,200.0,
CORT,2022-01-03,2026-05-28,200.0,
CORZ,2024-01-24,2026-05-28,200.0,
CORZW,,,,HTTP 400
CORZZ,,,,HTTP 400
COSM,2022-01-03,2026-05-28,200.0,
COSO,2025-05-08,2026-05-28,200.0,
COST,2022-01-03,2026-05-28,200.0,
COTY,2022-01-03,2026-05-28,200.0,
COUR,2022-01-03,2026-05-28,200.0,
COWZ,2022-01-03,2026-05-28,200.0,
COYA,2022-12-29,2026-05-28,200.0,
CP,2022-01-03,2026-05-28,200.0,
CPAC,2022-01-03,2026-05-28,200.0,
CPAY,2022-01-03,2026-05-28,200.0,
CPBI,2023-10-20,2026-05-28,200.0,
CPF,2022-01-03,2026-05-28,200.0,
CPHC,2022-01-03,2026-05-28,200.0,
CPHI,2022-01-03,2026-05-28,200.0,
CPIX,2022-01-03,2026-05-28,200.0,
CPK,2022-01-03,2026-05-28,200.0,
CPNG,2022-01-03,2026-05-28,200.0,
CPOP,2022-01-03,2026-05-28,200.0,
CPRI,2022-01-03,2026-05-28,200.0,
CPRT,2022-01-03,2026-05-28,200.0,
CPS,2022-01-03,2026-05-28,200.0,
CPSH,2022-01-03,2026-05-28,200.0,
CPSS,2022-01-03,2026-05-28,200.0,
CPT,2022-01-03,2026-05-28,200.0,
CPTAF,2023-11-16,2026-05-28,200.0,
CQP,2022-01-03,2026-05-28,200.0,
CR,2023-03-29,2026-05-28,200.0,
CRAI,2022-01-03,2026-05-28,200.0,
CRAK,2022-01-03,2026-05-28,200.0,
CRBG,2022-09-16,2026-05-28,200.0,
CRBP,2022-01-03,2026-05-28,200.0,
CRBU,2022-01-03,2026-05-28,200.0,
CRC,2022-01-03,2026-05-28,200.0,
CRCL,2025-06-05,2026-05-28,200.0,
CRCT,2022-01-03,2026-05-28,200.0,
CRD/A,2022-01-03,2026-05-28,200.0,
CRD/B,2022-01-03,2026-05-28,200.0,
CRDF,2022-01-03,2026-05-28,200.0,
CRDL,2022-01-03,2026-05-28,200.0,
CRDO,2022-01-27,2026-05-28,200.0,
CRE,2025-07-23,2026-05-28,200.0,
CREG,2022-01-03,2026-05-28,200.0,
CREX,2022-01-03,2026-05-28,200.0,
CRGY,2022-01-03,2026-05-28,200.0,
CRI,2022-01-03,2026-05-28,200.0,
CRK,2022-01-03,2026-05-28,200.0,
CRL,2022-01-03,2026-05-28,200.0,
CRM,2022-01-03,2026-05-28,200.0,
CRMD,2022-01-03,2026-05-28,200.0,
CRNC,2022-01-03,2026-05-28,200.0,
CRNT,2022-01-03,2026-05-28,200.0,
CRNX,2022-01-03,2026-05-28,200.0,
CRON,2022-01-03,2026-05-28,200.0,
CROX,2022-01-03,2026-05-28,200.0,
CRS,2022-01-03,2026-05-28,200.0,
CRSP,2022-01-03,2026-05-28,200.0,
CRSR,2022-01-03,2026-05-28,200.0,
CRT,2022-01-03,2026-05-28,200.0,
CRUS,2022-01-03,2026-05-28,200.0,
CRUX,2026-03-16,2026-05-28,200.0,
CRVL,2022-01-03,2026-05-28,200.0,
CRVO,2022-01-03,2026-05-28,200.0,
CRVS,2022-01-03,2026-05-28,200.0,
CRWD,2022-01-03,2026-05-28,200.0,
CRWS,2022-01-03,2026-05-28,200.0,
CRWV,2025-03-28,2026-05-28,200.0,
CSAI,2025-01-30,2026-05-28,200.0,
CSAN,2022-01-03,2026-05-28,200.0,
CSBR,2022-01-03,2026-05-28,200.0,
CSCO,2022-01-03,2026-05-28,200.0,
CSGP,2022-01-03,2026-05-28,200.0,
CSIQ,2022-01-03,2026-05-28,200.0,
CSL,2022-01-03,2026-05-28,200.0,
CSPI,2022-01-03,2026-05-28,200.0,
CSR,2022-01-03,2026-05-28,200.0,
CSSEQ,2022-01-03,2026-05-28,200.0,
CSTE,2022-01-03,2026-05-28,200.0,
CSTL,2022-01-03,2026-05-28,200.0,
CSTM,2022-01-03,2026-05-28,200.0,
CSV,2022-01-03,2026-05-28,200.0,
CSW,2022-01-03,2026-05-28,200.0,
CSWC,2022-01-03,2026-05-28,200.0,
CSX,2022-01-03,2026-05-28,200.0,
CTA,2022-03-08,2026-05-28,200.0,
CTAS,2022-01-03,2026-05-28,200.0,
CTBI,2022-01-03,2026-05-28,200.0,
CTEV,2022-01-03,2026-05-28,200.0,
CTGO,2022-01-03,2026-05-28,200.0,
CTHRQ,2026-03-09,2026-05-28,200.0,
CTKB,2022-01-03,2026-05-28,200.0,
CTM,2022-10-13,2026-05-28,200.0,
CTMX,2022-01-03,2026-05-28,200.0,
CTNM,2024-04-05,2026-05-28,200.0,
CTNT,2023-08-01,2026-05-28,200.0,
CTO,2022-01-03,2026-05-28,200.0,
CTOR,2022-12-08,2026-05-28,200.0,
CTOS,2022-01-03,2026-05-28,200.0,
CTRA,,,,HTTP 404
CTRE,2022-01-03,2026-05-28,200.0,
CTRI,2024-04-19,2026-05-28,200.0,
CTRM,2022-01-03,2026-05-28,200.0,
CTRN,2022-01-03,2026-05-28,200.0,
CTS,2022-01-03,2026-05-28,200.0,
CTSH,2022-01-03,2026-05-28,200.0,
CTSO,2022-01-03,2026-05-28,200.0,
CTVA,2022-01-03,2026-05-28,200.0,
CTXR,2022-01-03,2026-05-28,200.0,
CUBE,2022-01-03,2026-05-28,200.0,
CUBI,2022-01-03,2026-05-28,200.0,
CUE,2022-01-03,2026-05-28,200.0,
CUENW,,,200.0,
CULP,2022-01-03,2026-05-28,200.0,
CURB,2024-09-26,2026-05-28,200.0,
CURI,2022-01-03,2026-05-28,200.0,
CURR,2024-09-03,2026-05-28,200.0,
CURV,2022-01-03,2026-05-28,200.0,
CURX,2025-08-26,2026-05-28,200.0,
CUZ,2022-01-03,2026-05-28,200.0,
CV,2025-07-02,2026-05-28,200.0,
CVAR,2022-01-03,2026-05-28,200.0,
CVBF,2022-01-03,2026-05-28,200.0,
CVCO,2022-01-03,2026-05-28,200.0,
CVE,2022-01-03,2026-05-28,200.0,
CVEO,2022-01-03,2026-05-28,200.0,
CVGI,2022-01-03,2026-05-28,200.0,
CVI,2022-01-03,2026-05-28,200.0,
CVKD,2023-01-20,2026-05-28,200.0,
CVLG,2022-01-03,2026-05-28,200.0,
CVLT,2022-01-03,2026-05-28,200.0,
CVM,2022-01-03,2026-05-28,200.0,
CVNA,2022-01-03,2026-05-28,200.0,
CVR,2022-01-03,2026-05-28,200.0,
CVRX,2022-01-03,2026-05-28,200.0,
CVS,2022-01-03,2026-05-28,200.0,
CVSA,2022-01-03,2026-05-28,200.0,
CVU,2022-01-03,2026-05-28,200.0,
CVV,2022-01-03,2026-05-28,200.0,
CVX,2022-01-03,2026-05-28,200.0,
CW,2022-01-03,2026-05-28,200.0,
CWBC,2022-01-03,2026-05-28,200.0,
CWCO,2022-01-03,2026-05-28,200.0,
CWD,2023-05-18,2026-05-28,200.0,
CWEN,2022-01-03,2026-05-28,200.0,
CWH,2022-01-03,2026-05-28,200.0,
CWST,2022-01-03,2026-05-28,200.0,
CWT,2022-01-03,2026-05-28,200.0,
CX,2022-01-03,2026-05-28,200.0,
CXDO,2022-01-03,2026-05-28,200.0,
CXM,2022-01-03,2026-05-28,200.0,
CXT,2022-01-03,2026-05-28,200.0,
CXW,2022-01-03,2026-05-28,200.0,
CYAB,2026-03-27,2026-05-28,200.0,
CYAN,2022-01-03,2026-05-28,200.0,
CYCN,2022-01-03,2026-05-28,200.0,
CYCU,2025-02-18,2026-05-28,200.0,
CYH,2022-01-03,2026-05-28,200.0,
CYN,2022-01-03,2026-05-28,200.0,
CYPH,2022-01-03,2026-05-28,200.0,
CYRX,2022-01-03,2026-05-28,200.0,
CYTK,2022-01-03,2026-05-28,200.0,
CYTOF,2022-01-03,2026-05-28,200.0,
CYVNY,2022-01-03,2026-05-28,200.0,
CZA,2022-01-03,2026-05-28,200.0,
CZFS,2022-01-03,2026-05-28,200.0,
CZNC,2022-01-03,2026-05-28,200.0,
CZR,2022-01-03,2026-05-28,200.0,
CZWI,2022-01-03,2026-05-28,200.0,
D,2022-01-03,2026-05-28,200.0,
DAC,2022-01-03,2026-05-28,200.0,
DADS,2025-08-06,2026-05-28,200.0,
DAICW,,,,HTTP 400
DAIO,2022-01-03,2026-05-28,200.0,
DAKT,2022-01-03,2026-05-28,200.0,
DAL,2022-01-03,2026-05-28,200.0,
DAN,2022-01-03,2026-05-28,200.0,
DAO,2022-01-03,2026-05-28,200.0,
DAPR,,,,NOT_FETCHED
DAR,2022-01-03,2026-05-28,200.0,
DARE,2022-01-03,2026-05-28,200.0,
DASH,2022-01-03,2026-05-28,200.0,
DAUG,,,,NOT_FETCHED
DAVA,2022-01-03,2026-05-28,200.0,
DAVE,2022-01-03,2026-05-28,200.0,
DAX,2022-01-03,2026-05-28,200.0,
DBA,2022-01-03,2026-05-28,200.0,
DBB,2022-01-03,2026-05-28,200.0,
DBC,2022-01-03,2026-05-28,200.0,
DBD,2023-08-14,2026-05-28,200.0,
DBE,2022-01-03,2026-05-28,200.0,
DBGI,2022-01-03,2026-05-28,200.0,
DBI,2022-01-03,2026-05-28,200.0,
DBO,2022-01-03,2026-05-28,200.0,
DBRG,2022-01-03,2026-05-28,200.0,
DBVT,2022-01-03,2026-05-28,200.0,
DBX,2022-01-03,2026-05-28,200.0,
DC,2022-04-05,2026-05-28,200.0,
DCBO,2022-01-03,2026-05-28,200.0,
DCGO,2022-01-03,2026-05-28,200.0,
DCH,2022-01-03,2026-05-28,200.0,
DCI,2022-01-03,2026-05-28,200.0,
DCO,2022-01-03,2026-05-28,200.0,
DCOM,2022-01-03,2026-05-28,200.0,
DCTH,2022-01-03,2026-05-28,200.0,
DCX,2022-01-07,2026-05-28,200.0,
DD,2022-01-03,2026-05-28,200.0,
DDC,2023-11-17,2026-05-28,200.0,
DDEC,,,,NOT_FETCHED
DDI,2022-01-03,2026-05-28,200.0,
DDL,2022-01-03,2026-05-28,200.0,
DDOG,2022-01-03,2026-05-28,200.0,
DDS,2022-01-03,2026-05-28,200.0,
DE,2022-01-03,2026-05-28,200.0,
DEA,2022-01-03,2026-05-28,200.0,
DEC,2022-01-03,2026-05-28,200.0,
DECK,2022-01-03,2026-05-28,200.0,
DEFT,2024-08-15,2026-05-28,200.0,
DEI,2022-01-03,2026-05-28,200.0,
DELL,2022-01-03,2026-05-28,200.0,
DEO,2022-01-03,2026-05-28,200.0,
DERM,2022-01-03,2026-05-28,200.0,
DETX,2026-04-21,2026-05-28,200.0,
DEVSF,2024-11-08,2026-05-28,200.0,
DFAC,2022-01-03,2026-05-28,200.0,
DFAS,2022-01-03,2026-05-28,200.0,
DFAX,2022-01-03,2026-05-28,200.0,
DFDV,2023-07-25,2026-05-28,200.0,
DFH,2022-01-03,2026-05-28,200.0,
DFIN,2022-01-03,2026-05-28,200.0,
DFLI,2022-01-03,2026-05-28,200.0,
DFLIW,,,,HTTP 400
DFNSW,,,200.0,
DFSCW,,,,HTTP 400
DFSV,2022-02-24,2026-05-28,200.0,
DFTX,2022-01-03,2026-05-28,200.0,
DG,2022-01-03,2026-05-28,200.0,
DGICA,2022-01-03,2026-05-28,200.0,
DGICB,2022-01-03,2026-05-28,200.0,
DGII,2022-01-03,2026-05-28,200.0,
DGNX,2025-01-22,2026-05-28,200.0,
DGX,2022-01-03,2026-05-28,200.0,
DGXX,2022-01-03,2026-05-28,200.0,
DH,2022-01-03,2026-05-28,200.0,
DHR,2022-01-03,2026-05-28,200.0,
DHS,2022-01-03,2026-05-28,200.0,
DHT,2022-01-03,2026-05-28,200.0,
DHX,2022-01-03,2026-05-28,200.0,
DIBS,2022-01-03,2026-05-28,200.0,
DIG,2022-01-03,2026-05-28,200.0,
DIN,2022-01-03,2026-05-28,200.0,
DINO,2022-01-03,2026-05-28,200.0,
DIOD,2022-01-03,2026-05-28,200.0,
DIPS,2024-07-24,2026-05-28,200.0,
DIS,2022-01-03,2026-05-28,200.0,
DIT,2022-01-03,2026-05-28,200.0,
DIVL,2023-08-15,2026-05-28,200.0,
DIVP,2024-03-07,2026-05-28,200.0,
DJCO,2022-01-03,2026-05-28,200.0,
DJP,2022-01-03,2026-05-28,200.0,
DJT,2022-01-03,2026-05-28,200.0,
DJTWW,,,,HTTP 400
DK,2022-01-03,2026-05-28,200.0,
DKI,2025-08-08,2026-05-28,200.0,
DKL,2022-01-03,2026-05-28,200.0,
DKNG,2022-01-03,2026-05-28,200.0,
DKS,2022-01-03,2026-05-28,200.0,
DLAG,2025-09-22,2026-05-28,200.0,
DLB,2022-01-03,2026-05-28,200.0,
DLHC,2022-01-03,2026-05-28,200.0,
DLO,2022-01-03,2026-05-28,200.0,
DLPN,2022-01-03,2026-05-28,200.0,
DLR,2022-01-03,2026-05-28,200.0,
DLTH,2022-01-03,2026-05-28,200.0,
DLTR,2022-01-03,2026-05-28,200.0,
DLX,2022-01-03,2026-05-28,200.0,
DMAC,2022-01-03,2026-05-28,200.0,
DMB,2022-01-03,2026-05-28,200.0,
DMBS,2023-04-06,2026-05-28,200.0,
DMC,2022-01-03,2026-05-28,200.0,
DMLP,2022-01-03,2026-05-28,200.0,
DMRA,2022-01-03,2026-05-28,200.0,
DMRC,2022-01-03,2026-05-28,200.0,
DMTKQ,,,,HTTP 404
DNA,2022-01-03,2026-05-28,200.0,
DNABW,,,200.0,
DNLI,2022-01-03,2026-05-28,200.0,
DNN,2022-01-03,2026-05-28,200.0,
DNOW,2022-01-03,2026-05-28,200.0,
DNTH,2022-01-03,2026-05-28,200.0,
DNUT,2022-01-03,2026-05-28,200.0,
DOC,2022-01-03,2026-05-28,200.0,
DOCS,2022-01-03,2026-05-28,200.0,
DOCU,2022-01-03,2026-05-28,200.0,
DOGZ,2022-01-03,2026-05-28,200.0,
DOL,2022-01-03,2026-05-28,200.0,
DOLE,2022-01-03,2026-05-28,200.0,
DOMH,2022-01-03,2026-05-28,200.0,
DOMO,2022-01-03,2026-05-28,200.0,
DOO,2022-01-03,2026-05-28,200.0,
DORM,2022-01-03,2026-05-28,200.0,
DOUG,2022-01-03,2026-05-28,200.0,
DOV,2022-01-03,2026-05-28,200.0,
DOW,2022-01-03,2026-05-28,200.0,
DOX,2022-01-03,2026-05-28,200.0,
DOYU,2022-01-03,2026-05-28,200.0,
DPC,,,,HTTP 400
DPRO,2022-01-03,2026-05-28,200.0,
DPU,2023-04-18,2026-05-28,200.0,
DPZ,2022-01-03,2026-05-28,200.0,
DQ,2022-01-03,2026-05-28,200.0,
DRAM,2026-04-02,2026-05-28,200.0,
DRCT,2022-02-11,2026-05-28,200.0,
DRD,2022-01-03,2026-05-28,200.0,
DRH,2022-01-03,2026-05-28,200.0,
DRI,2022-01-03,2026-05-28,200.0,
DRIO,2022-01-03,2026-05-28,200.0,
DRLL,2022-08-09,2026-05-28,200.0,
DRMA,2022-01-03,2026-05-28,200.0,
DRS,2022-01-03,2026-05-28,200.0,
DRSK,2022-01-03,2026-05-28,200.0,
DRUG,2022-01-03,2026-05-28,200.0,
DRVN,2022-01-03,2026-05-28,200.0,
DSGN,2022-01-03,2026-05-28,200.0,
DSGR,2022-01-03,2026-05-28,200.0,
DSGX,2022-01-03,2026-05-28,200.0,
DSP,2022-01-03,2026-05-28,200.0,
DSS,2022-01-03,2026-05-28,200.0,
DSTL,2022-01-03,2026-05-28,200.0,
DSWL,2022-01-03,2026-05-28,200.0,
DT,2022-01-03,2026-05-28,200.0,
DTCKF,2023-09-19,2026-05-28,200.0,
DTCX,2022-03-21,2026-05-28,200.0,
DTI,2022-01-03,2026-05-28,200.0,
DTIL,2022-01-03,2026-05-28,200.0,
DTM,2022-01-03,2026-05-28,200.0,
DTSS,2022-01-03,2026-05-28,200.0,
DTST,2022-01-03,2026-05-28,200.0,
DUK,2022-01-03,2026-05-28,200.0,
DUKR,2022-01-03,2026-05-28,200.0,
DUKRW,2026-05-15,2026-05-28,200.0,
DUO,2022-01-03,2026-05-28,200.0,
DUOL,2022-01-03,2026-05-28,200.0,
DUOT,2022-01-03,2026-05-28,200.0,
DV,2022-01-03,2026-05-28,200.0,
DVA,2022-01-03,2026-05-28,200.0,
DVLT,2022-01-03,2026-05-28,200.0,
DVN,2022-01-03,2026-05-28,200.0,
DWSN,2022-01-03,2026-05-28,200.0,
DWTX,2022-01-03,2026-05-28,200.0,
DX,2022-01-03,2026-05-28,200.0,
DXC,2022-01-03,2026-05-28,200.0,
DXCM,2022-01-03,2026-05-28,200.0,
DXLG,2022-01-03,2026-05-28,200.0,
DXPE,2022-01-03,2026-05-28,200.0,
DXR,2022-01-03,2026-05-28,200.0,
DXUV,2024-09-12,2026-05-28,200.0,
DXYN,2022-01-03,2026-05-28,200.0,
DXYZ,2024-03-26,2026-05-28,200.0,
DY,2022-01-03,2026-05-28,200.0,
DYAI,2022-01-03,2026-05-28,200.0,
DYN,2022-01-03,2026-05-28,200.0,
DYNB,2025-09-24,2026-05-28,200.0,
DYNTQ,,,,HTTP 400
DZSIQ,2025-03-17,2026-05-28,200.0,
E,2022-01-03,2026-05-28,200.0,
EAF,2022-01-03,2026-05-28,200.0,
EARN,2022-01-03,2026-05-28,200.0,
EAT,2022-01-03,2026-05-28,200.0,
EBAY,2022-01-03,2026-05-28,200.0,
EBC,2022-01-03,2026-05-28,200.0,
EBF,2022-01-03,2026-05-28,200.0,
EBIT,2024-07-11,2026-05-28,200.0,
EBIZ,2022-01-03,2026-05-28,200.0,
EBMT,2022-01-03,2026-05-28,200.0,
EBS,2022-01-03,2026-05-28,200.0,
EC,2022-01-03,2026-05-28,200.0,
ECBK,2022-07-28,2026-05-28,200.0,
ECG,2024-10-28,2026-05-28,200.0,
ECH,2022-01-03,2026-05-28,200.0,
ECHO,2022-01-03,2026-05-28,200.0,
ECL,2022-01-03,2026-05-28,200.0,
ECO,2023-08-14,2026-05-28,200.0,
ECOR,2022-01-03,2026-05-28,200.0,
ECPG,2022-01-03,2026-05-28,200.0,
ECVT,2022-01-03,2026-05-28,200.0,
ED,2022-01-03,2026-05-28,200.0,
EDBLW,,,,HTTP 400
EDEN,2022-01-03,2026-05-28,200.0,
EDIT,2022-01-03,2026-05-28,200.0,
EDRY,2022-01-03,2026-05-28,200.0,
EDSA,2022-01-03,2026-05-28,200.0,
EDTK,2022-01-03,2026-05-28,200.0,
EDU,2022-01-03,2026-05-28,200.0,
EDUC,2022-01-03,2026-05-28,200.0,
EDV,2022-01-03,2026-05-28,200.0,
EE,2022-04-13,2026-05-28,200.0,
EEFT,2022-01-03,2026-05-28,200.0,
EES,2022-01-03,2026-05-28,200.0,
EETH,,,,NOT_FETCHED
EFA,2022-01-03,2026-05-28,200.0,
EFC,2022-01-03,2026-05-28,200.0,
EFIV,2022-01-03,2026-05-28,200.0,
EFOI,2022-01-03,2026-05-28,200.0,
EFOR,2022-01-03,2026-05-28,200.0,
EFSC,2022-01-03,2026-05-28,200.0,
EFSI,2022-01-03,2026-05-28,200.0,
EFV,2022-01-03,2026-05-28,200.0,
EFX,2022-01-03,2026-05-28,200.0,
EFXT,2022-01-03,2026-05-28,200.0,
EG,2022-01-03,2026-05-28,200.0,
EGAN,2022-01-03,2026-05-28,200.0,
EGBN,2022-01-03,2026-05-28,200.0,
EGHT,2022-01-03,2026-05-28,200.0,
EGO,2022-01-03,2026-05-28,200.0,
EGP,2022-01-03,2026-05-28,200.0,
EGRX,2022-01-03,2026-05-28,200.0,
EGUS,2023-02-03,2026-05-28,200.0,
EGY,2022-01-03,2026-05-28,200.0,
EH,2022-01-03,2026-05-28,200.0,
EHC,2022-01-03,2026-05-28,200.0,
EHGO,2024-07-02,2026-05-28,200.0,
EHLD,2025-03-07,2026-05-28,200.0,
EHTH,2022-01-03,2026-05-28,200.0,
EIC,2022-01-03,2026-05-28,200.0,
EIG,2022-01-03,2026-05-28,200.0,
EIKN,2026-02-05,2026-05-28,200.0,
EIPI,2024-05-06,2026-05-28,200.0,
EIRL,2022-01-03,2026-05-28,200.0,
EIS,2022-01-03,2026-05-28,200.0,
EIX,2022-01-03,2026-05-28,200.0,
EJH,2022-01-03,2026-05-28,200.0,
EL,2022-01-03,2026-05-28,200.0,
ELA,2022-01-03,2026-05-28,200.0,
ELAN,2022-01-03,2026-05-28,200.0,
ELBM,2022-01-03,2026-05-28,200.0,
ELDN,2022-01-03,2026-05-28,200.0,
ELF,2022-01-03,2026-05-28,200.0,
ELMD,2022-01-03,2026-05-28,200.0,
ELME,2022-01-03,2026-05-28,200.0,
ELMT,2026-04-23,2026-05-28,200.0,
ELPW,2023-05-01,2026-05-28,200.0,
ELS,2022-01-03,2026-05-28,200.0,
ELTK,2022-01-03,2026-05-28,200.0,
ELTX,2022-01-03,2026-05-28,200.0,
ELUT,2022-01-03,2026-05-28,200.0,
ELV,2022-01-03,2026-05-28,200.0,
ELVA,2022-01-03,2026-05-28,200.0,
ELVN,2022-01-03,2026-05-28,200.0,
ELVR,2025-09-02,2026-05-28,200.0,
ELWT,2025-11-05,2026-05-28,200.0,
EMA,2022-01-03,2026-05-28,200.0,
EMAT,2026-01-07,2026-05-28,200.0,
EMBC,2022-03-22,2026-05-28,200.0,
EMBJ,2022-01-03,2026-05-28,200.0,
EME,2022-01-03,2026-05-28,200.0,
EMEQ,2024-09-05,2026-05-28,200.0,
EML,2022-01-03,2026-05-28,200.0,
EMN,2022-01-03,2026-05-28,200.0,
EMPD,2022-01-03,2026-05-28,200.0,
ENB,2022-01-03,2026-05-28,200.0,
ENFR,2022-01-03,2026-05-28,200.0,
ENFY,2022-01-03,2026-05-28,200.0,
ENGS,2025-04-01,2026-05-28,200.0,
ENHA,2026-05-08,2026-05-28,200.0,
ENLT,2023-01-03,2026-05-28,200.0,
ENLV,2022-01-03,2026-05-28,200.0,
ENOR,2022-01-03,2026-05-28,200.0,
ENOV,2022-01-03,2026-05-28,200.0,
ENPH,2022-01-03,2026-05-28,200.0,
ENR,2022-01-03,2026-05-28,200.0,
ENS,2022-01-03,2026-05-28,200.0,
ENSC,2022-01-03,2026-05-28,200.0,
ENSG,2022-01-03,2026-05-28,200.0,
ENTA,2022-01-03,2026-05-28,200.0,
ENTG,2022-01-03,2026-05-28,200.0,
ENTX,2022-01-03,2026-05-28,200.0,
ENVA,2022-01-03,2026-05-28,200.0,
ENVB,2022-01-03,2026-05-28,200.0,
ENVX,2022-01-03,2026-05-28,200.0,
EOG,2022-01-03,2026-05-28,200.0,
EOLS,2022-01-03,2026-05-28,200.0,
EONR,2022-04-06,2026-05-28,200.0,
EONR/WS,,,,HTTP 404
EOSE,2022-01-03,2026-05-28,200.0,
EP,2022-01-03,2026-05-28,200.0,
EPAC,2022-01-03,2026-05-28,200.0,
EPAM,2022-01-03,2026-05-28,200.0,
EPC,2022-01-03,2026-05-28,200.0,
EPD,2022-01-03,2026-05-28,200.0,
EPM,2022-01-03,2026-05-28,200.0,
EPOL,2022-01-03,2026-05-28,200.0,
EPOW,2022-01-03,2026-05-28,200.0,
EPR,2022-01-03,2026-05-28,200.0,
EPRT,2022-01-03,2026-05-28,200.0,
EPRX,2024-04-05,2026-05-28,200.0,
EPSM,2025-03-26,2026-05-28,200.0,
EPSN,2022-01-03,2026-05-28,200.0,
EQ,2022-01-03,2026-05-28,200.0,
EQBK,2022-01-03,2026-05-28,200.0,
EQH,2022-01-03,2026-05-28,200.0,
EQIX,2022-01-03,2026-05-28,200.0,
EQNR,2022-01-03,2026-05-28,200.0,
EQPT,2026-01-23,2026-05-28,200.0,
EQS,2022-01-03,2026-05-28,200.0,
EQT,2022-01-03,2026-05-28,200.0,
EQX,2022-01-03,2026-05-28,200.0,
ERAS,2022-01-03,2026-05-28,200.0,
ERIC,2022-01-03,2026-05-28,200.0,
ERIE,2022-01-03,2026-05-28,200.0,
ERII,2022-01-03,2026-05-28,200.0,
ERNA,2022-01-03,2026-05-28,200.0,
ERO,2022-01-03,2026-05-28,200.0,
EROC,,,,HTTP 400
EROK,2026-05-14,2026-05-28,200.0,
ERTH,2022-01-03,2026-05-28,200.0,
ES,2022-01-03,2026-05-28,200.0,
ESAB,2022-03-29,2026-05-28,200.0,
ESBA,2022-01-03,2026-05-28,200.0,
ESCA,2022-01-03,2026-05-28,200.0,
ESE,2022-01-03,2026-05-28,200.0,
ESEA,2022-01-03,2026-05-28,200.0,
ESGE,2022-01-03,2026-05-28,200.0,
ESHAR,,,200.0,
ESI,2022-01-03,2026-05-28,200.0,
ESLA,2022-01-03,2026-05-28,200.0,
ESML,2022-01-03,2026-05-28,200.0,
ESNT,2022-01-03,2026-05-28,200.0,
ESOA,2022-01-03,2026-05-28,200.0,
ESP,2022-01-03,2026-05-28,200.0,
ESQ,2022-01-03,2026-05-28,200.0,
ESRT,2022-01-03,2026-05-28,200.0,
ESS,2022-01-03,2026-05-28,200.0,
ESTC,2022-01-03,2026-05-28,200.0,
ET,2022-01-03,2026-05-28,200.0,
ETD,2022-01-03,2026-05-28,200.0,
ETH,2024-07-23,2026-05-28,200.0,
ETHA,2024-07-23,2026-05-28,200.0,
ETHB,2026-03-12,2026-05-28,200.0,
ETHE,2022-01-03,2026-05-28,200.0,
ETHT,2024-06-07,2026-05-28,200.0,
ETHU,2024-06-04,2026-05-28,200.0,
ETHV,2024-07-23,2026-05-28,200.0,
ETHW,2024-07-23,2026-05-28,200.0,
ETN,2022-01-03,2026-05-28,200.0,
ETON,2022-01-03,2026-05-28,200.0,
ETOR,2025-05-13,2026-05-28,200.0,
ETR,2022-01-03,2026-05-28,200.0,
ETS,2025-08-21,2026-05-28,200.0,
ETSY,2022-01-03,2026-05-28,200.0,
EU,2022-01-03,2026-05-28,200.0,
EUAD,2024-10-22,2026-05-28,200.0,
EUHY,,,,NOT_FETCHED
EVC,2022-01-03,2026-05-28,200.0,
EVCM,2022-01-03,2026-05-28,200.0,
EVER,2022-01-03,2026-05-28,200.0,
EVEX,2022-05-10,2026-05-28,200.0,
EVGN,2022-01-03,2026-05-28,200.0,
EVGO,2022-01-03,2026-05-28,200.0,
EVH,2022-01-03,2026-05-28,200.0,
EVI,2022-01-03,2026-05-28,200.0,
EVLV,2022-01-03,2026-05-28,200.0,
EVMN,2025-11-06,2026-05-28,200.0,
EVO,2022-01-03,2026-05-28,200.0,
EVOK,,,,HTTP 404
EVR,2022-01-03,2026-05-28,200.0,
EVRG,2022-01-03,2026-05-28,200.0,
EVSM,2024-03-26,2026-05-28,200.0,
EVTC,2022-01-03,2026-05-28,200.0,
EW,2022-01-03,2026-05-28,200.0,
EWBC,2022-01-03,2026-05-28,200.0,
EWD,2022-01-03,2026-05-28,200.0,
EWG,2022-01-03,2026-05-28,200.0,
EWI,2022-01-03,2026-05-28,200.0,
EWL,2022-01-03,2026-05-28,200.0,
EWO,2022-01-03,2026-05-28,200.0,
EWP,2022-01-03,2026-05-28,200.0,
EWQ,2022-01-03,2026-05-28,200.0,
EWT,2022-01-03,2026-05-28,200.0,
EWTX,2022-01-03,2026-05-28,200.0,
EWW,2022-01-03,2026-05-28,200.0,
EWZ,2022-01-03,2026-05-28,200.0,
EXC,2022-01-03,2026-05-28,200.0,
EXE,2022-01-03,2026-05-28,200.0,
EXEL,2022-01-03,2026-05-28,200.0,
EXFY,2022-01-03,2026-05-28,200.0,
EXK,2022-01-03,2026-05-28,200.0,
EXLS,2022-01-03,2026-05-28,200.0,
EXOD,2022-01-03,2026-05-28,200.0,
EXOZ,2024-11-13,2026-05-28,200.0,
EXP,2022-01-03,2026-05-28,200.0,
EXPD,2022-01-03,2026-05-28,200.0,
EXPE,2022-01-03,2026-05-28,200.0,
EXPO,2022-01-03,2026-05-28,200.0,
EXR,2022-01-03,2026-05-28,200.0,
EXTR,2022-01-03,2026-05-28,200.0,
EXYN,2026-05-15,2026-05-28,200.0,
EXYNW,2026-05-15,2026-05-28,200.0,
EYE,2022-01-03,2026-05-28,200.0,
EYPT,2022-01-03,2026-05-28,200.0,
EZBC,2024-01-11,2026-05-28,200.0,
EZGO,2022-01-03,2026-05-28,200.0,
EZM,2022-01-03,2026-05-28,200.0,
EZPW,2022-01-03,2026-05-28,200.0,
EZRA,2022-01-03,2026-05-28,200.0,
F,2022-01-03,2026-05-28,200.0,
FA,2022-01-03,2026-05-28,200.0,
FABC,2022-01-03,2026-05-28,200.0,
FAF,2022-01-03,2026-05-28,200.0,
FAI,2024-11-21,2026-05-28,200.0,
FAMI,2022-01-03,2026-05-28,200.0,
FANG,2022-01-03,2026-05-28,200.0,
FAST,2022-01-03,2026-05-28,200.0,
FATBW,,,200.0,
FATE,2022-01-03,2026-05-28,200.0,
FATN,2025-04-08,2026-05-28,200.0,
FBCV,2022-01-03,2026-05-28,200.0,
FBGL,2025-02-06,2026-05-28,200.0,
FBIN,2022-01-03,2026-05-28,200.0,
FBIO,2022-01-03,2026-05-28,200.0,
FBIZ,2022-01-03,2026-05-28,200.0,
FBK,2022-01-03,2026-05-28,200.0,
FBLA,2024-10-23,2026-05-28,200.0,
FBLG,2024-01-31,2026-05-28,200.0,
FBNC,2022-01-03,2026-05-28,200.0,
FBP,2022-01-03,2026-05-28,200.0,
FBRT,2022-01-03,2026-05-28,200.0,
FBRX,2022-01-03,2026-05-28,200.0,
FBTC,2024-01-11,2026-05-28,200.0,
FBY,2023-07-28,2026-05-28,200.0,
FBYD,2023-10-06,2026-05-28,200.0,
FBYDW,,,,HTTP 400
FC,2022-01-03,2026-05-28,200.0,
FCAP,2022-01-03,2026-05-28,200.0,
FCBC,2022-01-03,2026-05-28,200.0,
FCBM,,,,HTTP 400
FCEL,2022-01-03,2026-05-28,200.0,
FCF,2022-01-03,2026-05-28,200.0,
FCFS,2022-01-03,2026-05-28,200.0,
FCN,2022-01-03,2026-05-28,200.0,
FCNCA,2022-01-03,2026-05-28,200.0,
FCPT,2022-01-03,2026-05-28,200.0,
FCUS,2022-12-30,2026-05-28,200.0,
FCUV,2022-01-03,2026-05-28,200.0,
FCX,2022-01-03,2026-05-28,200.0,
FDBC,2022-01-03,2026-05-28,200.0,
FDIF,2023-06-20,2026-05-28,200.0,
FDLS,2022-08-24,2026-05-28,200.0,
FDMT,2022-01-03,2026-05-28,200.0,
FDS,2022-01-03,2026-05-28,200.0,
FDSB,2024-08-01,2026-05-28,200.0,
FDUS,2022-01-03,2026-05-28,200.0,
FDX,2022-01-03,2026-05-28,200.0,
FDXF,2026-05-27,2026-05-28,200.0,
FE,2022-01-03,2026-05-28,200.0,
FEAM,2022-03-15,2026-05-28,200.0,
FEBO,2023-11-30,2026-05-28,200.0,
FEED,2022-01-03,2026-05-28,200.0,
FEIM,2022-01-03,2026-05-28,200.0,
FELE,2022-01-03,2026-05-28,200.0,
FEMY,2022-01-03,2026-05-28,200.0,
FENC,2022-01-03,2026-05-28,200.0,
FENG,2022-01-03,2026-05-28,200.0,
FENI,2023-11-20,2026-05-28,200.0,
FEPI,2023-10-11,2026-05-28,200.0,
FERG,2022-01-03,2026-05-28,200.0,
FESM,2023-11-20,2026-05-28,200.0,
FET,2022-01-03,2026-05-28,200.0,
FETH,2024-07-23,2026-05-28,200.0,
FF,2022-01-03,2026-05-28,200.0,
FFBC,2022-01-03,2026-05-28,200.0,
FFIN,2022-01-03,2026-05-28,200.0,
FFIV,2022-01-03,2026-05-28,200.0,
FFOG,2023-11-06,2026-05-28,200.0,
FFTY,2022-01-03,2026-05-28,200.0,
FG,2022-11-22,2026-05-28,200.0,
FGDL,2022-06-30,2026-05-28,200.0,
FGL,2024-10-23,2026-05-28,200.0,
FGNX,2022-01-03,2026-05-28,200.0,
FHB,2022-01-03,2026-05-28,200.0,
FHI,2022-01-03,2026-05-28,200.0,
FHN,2022-01-03,2026-05-28,200.0,
FHTX,2022-01-03,2026-05-28,200.0,
FIAX,2022-11-30,2026-05-28,200.0,
FIBK,2022-01-03,2026-05-28,200.0,
FICO,2022-01-03,2026-05-28,200.0,
FIEE,2022-01-03,2026-05-28,200.0,
FIG,2025-07-31,2026-05-28,200.0,
FIGR,2025-09-11,2026-05-28,200.0,
FIGS,2022-01-03,2026-05-28,200.0,
FINV,2022-01-03,2026-05-28,200.0,
FINW,2022-01-03,2026-05-28,200.0,
FINX,2022-01-03,2026-05-28,200.0,
FIP,2022-07-20,2026-05-28,200.0,
FIRY,2022-01-03,2026-05-28,200.0,
FIS,2022-01-03,2026-05-28,200.0,
FISI,2022-01-03,2026-05-28,200.0,
FISN,,,,HTTP 400
FISV,2022-01-03,2026-05-28,200.0,
FITB,2022-01-03,2026-05-28,200.0,
FIVE,2022-01-03,2026-05-28,200.0,
FIVN,2022-01-03,2026-05-28,200.0,
FIX,2022-01-03,2026-05-28,200.0,
FIXT,2025-06-16,2026-05-28,200.0,
FIZZ,2022-01-03,2026-05-28,200.0,
FJET,2025-12-18,2026-05-28,200.0,
FKWL,2022-01-03,2026-05-28,200.0,
FLAU,2022-01-03,2026-05-28,200.0,
FLAX,2022-01-03,2026-05-28,200.0,
FLBL,2022-01-03,2026-05-28,200.0,
FLBR,2022-01-03,2026-05-28,200.0,
FLCA,2022-01-03,2026-05-28,200.0,
FLD,2022-02-09,2026-05-28,200.0,
FLDDW,,,,HTTP 400
FLEE,2022-01-03,2026-05-28,200.0,
FLEU,2022-01-03,2026-05-28,200.0,
FLEX,2022-01-03,2026-05-28,200.0,
FLG,2022-01-03,2026-05-28,200.0,
FLGT,2022-01-03,2026-05-28,200.0,
FLIN,2022-01-03,2026-05-28,200.0,
FLJP,2022-01-03,2026-05-28,200.0,
FLKR,2022-01-03,2026-05-28,200.0,
FLL,2022-01-03,2026-05-28,200.0,
FLMX,2022-01-03,2026-05-28,200.0,
FLNA,2022-01-03,2026-05-28,200.0,
FLNC,2022-01-03,2026-05-28,200.0,
FLNG,2022-01-03,2026-05-28,200.0,
FLNT,2022-01-03,2026-05-28,200.0,
FLO,2022-01-03,2026-05-28,200.0,
FLR,2022-01-03,2026-05-28,200.0,
FLS,2022-01-03,2026-05-28,200.0,
FLTR,2022-01-03,2026-05-28,200.0,
FLTW,2022-01-03,2026-05-28,200.0,
FLUD,2022-01-03,2026-05-28,200.0,
FLUT,2022-01-03,2026-05-28,200.0,
FLWS,2022-01-03,2026-05-28,200.0,
FLX,2024-10-04,2026-05-28,200.0,
FLXR,2024-06-24,2026-05-28,200.0,
FLXS,2022-01-03,2026-05-28,200.0,
FLY,2025-08-07,2026-05-28,200.0,
FLYE,2024-06-06,2026-05-28,200.0,
FLYW,2022-01-03,2026-05-28,200.0,
FLYX,2023-12-29,2026-05-28,200.0,
FLYX/WS,,,,HTTP 404
FLZH,2022-01-03,2026-05-28,200.0,
FMBH,2022-01-03,2026-05-28,200.0,
FMC,2022-01-03,2026-05-28,200.0,
FMDE,,,,NOT_FETCHED
FMET,2022-04-21,2026-05-28,200.0,
FMFC,2025-06-25,2026-05-28,200.0,
FMNB,2022-01-03,2026-05-28,200.0,
FMST,2023-07-05,2026-05-28,200.0,
FMSTW,,,,HTTP 400
FMTOF,2022-05-31,2026-05-28,200.0,
FN,2022-01-03,2026-05-28,200.0,
FNB,2022-01-03,2026-05-28,200.0,
FNCHQ,2022-01-03,2026-05-28,200.0,
FND,2022-01-03,2026-05-28,200.0,
FNF,2022-01-03,2026-05-28,200.0,
FNGG,2022-01-03,2026-05-28,200.0,
FNGR,2022-01-03,2026-05-28,200.0,
FNKO,2022-01-03,2026-05-28,200.0,
FNLC,2022-01-03,2026-05-28,200.0,
FNRN,2022-01-03,2026-05-28,200.0,
FNV,2022-01-03,2026-05-28,200.0,
FNWB,2022-01-03,2026-05-28,200.0,
FNWD,2022-01-03,2026-05-28,200.0,
FOA,2022-01-03,2026-05-28,200.0,
FOCL,2022-01-03,2026-05-28,200.0,
FOFO,2025-09-12,2026-05-28,200.0,
FOR,2022-01-03,2026-05-28,200.0,
FORA,,,,HTTP 404
FORM,2022-01-03,2026-05-28,200.0,
FORR,2022-01-03,2026-05-28,200.0,
FORTY,2022-01-03,2026-05-28,200.0,
FOSL,2022-01-03,2026-05-28,200.0,
FOUR,2022-01-03,2026-05-28,200.0,
FOX,2022-01-03,2026-05-28,200.0,
FOXA,2022-01-03,2026-05-28,200.0,
FOXF,2022-01-03,2026-05-28,200.0,
FOXX,2022-08-08,2026-05-28,200.0,
FPAYQ,2022-01-03,2026-05-28,200.0,
FPH,2022-01-03,2026-05-28,200.0,
FPI,2022-01-03,2026-05-28,200.0,
FPS,2026-02-05,2026-05-28,200.0,
FR,2022-01-03,2026-05-28,200.0,
FRAF,2022-01-03,2026-05-28,200.0,
FRBT,,,,HTTP 400
FRD,2022-01-03,2026-05-28,200.0,
FRGT,2022-01-03,2026-05-28,200.0,
FRHC,2022-01-03,2026-05-28,200.0,
FRIZ,2025-09-02,2026-05-28,200.0,
FRME,2022-01-03,2026-05-28,200.0,
FRMI,2025-10-01,2026-05-28,200.0,
FRMM,2022-01-03,2026-05-28,200.0,
FRNW,2022-01-03,2026-05-28,200.0,
FRO,2022-01-03,2026-05-28,200.0,
FROG,2022-01-03,2026-05-28,200.0,
FRPT,2022-01-03,2026-05-28,200.0,
FRSH,2022-01-03,2026-05-28,200.0,
FRST,2022-01-03,2026-05-28,200.0,
FRT,2022-01-03,2026-05-28,200.0,
FRVO,2026-05-13,2026-05-28,200.0,
FSBC,2022-01-03,2026-05-28,200.0,
FSBW,2022-01-03,2026-05-28,200.0,
FSCS,,,,NOT_FETCHED
FSEA,2022-01-03,2026-05-28,200.0,
FSGS,,,,NOT_FETCHED
FSI,2022-01-03,2026-05-28,200.0,
FSK,2022-01-03,2026-05-28,200.0,
FSLR,2022-01-03,2026-05-28,200.0,
FSLY,2022-01-03,2026-05-28,200.0,
FSP,2022-01-03,2026-05-28,200.0,
FSS,2022-01-03,2026-05-28,200.0,
FSTR,2022-01-03,2026-05-28,200.0,
FSUN,2022-08-03,2026-05-28,200.0,
FSV,2022-01-03,2026-05-28,200.0,
FTAG,2022-01-03,2026-05-28,200.0,
FTBD,2023-01-26,2026-05-28,200.0,
FTCB,2023-11-08,2026-05-28,200.0,
FTCHQ,2022-01-03,2026-05-28,200.0,
FTCI,2022-01-03,2026-05-28,200.0,
FTDR,2022-01-03,2026-05-28,200.0,
FTEK,2022-01-03,2026-05-28,200.0,
FTFT,2022-01-03,2026-05-28,200.0,
FTH,2022-01-03,2026-05-28,200.0,
FTHM,2022-01-03,2026-05-28,200.0,
FTI,2022-01-03,2026-05-28,200.0,
FTK,2022-01-03,2026-05-28,200.0,
FTLF,2022-01-03,2026-05-28,200.0,
FTNT,2022-01-03,2026-05-28,200.0,
FTS,2022-01-03,2026-05-28,200.0,
FTV,2022-01-03,2026-05-28,200.0,
FTW,2024-09-27,2026-05-28,200.0,
FTWO,2023-08-31,2026-05-28,200.0,
FUBO,2022-01-03,2026-05-28,200.0,
FUL,2022-01-03,2026-05-28,200.0,
FULC,2022-01-03,2026-05-28,200.0,
FULT,2022-01-03,2026-05-28,200.0,
FUN,2022-01-03,2026-05-28,200.0,
FUNC,2022-01-03,2026-05-28,200.0,
FURY,2022-01-03,2026-05-28,200.0,
FUSB,2022-01-03,2026-05-28,200.0,
FUSE,2022-03-07,2026-05-28,200.0,
FUTU,2022-01-03,2026-05-28,200.0,
FUVV,2022-01-03,2026-05-28,200.0,
FVCB,2022-01-03,2026-05-28,200.0,
FVR,2024-10-02,2026-05-28,200.0,
FWD,2023-03-22,2026-05-28,200.0,
FWDI,2022-01-03,2026-05-28,200.0,
FWONA,2022-01-03,2026-05-28,200.0,
FWONK,2022-01-03,2026-05-28,200.0,
FWRD,2022-01-03,2026-05-28,200.0,
FWRG,2022-01-03,2026-05-28,200.0,
FXA,2022-01-03,2026-05-28,200.0,
FXB,2022-01-03,2026-05-28,200.0,
FXC,2022-01-03,2026-05-28,200.0,
FXE,2022-01-03,2026-05-28,200.0,
FXED,2022-01-03,2026-05-28,200.0,
FXF,2022-01-03,2026-05-28,200.0,
FXHO,2022-01-03,2026-05-28,200.0,
FXNC,2022-01-03,2026-05-28,200.0,
FXY,2022-01-03,2026-05-28,200.0,
FYBR,,,,HTTP 404
G,2022-01-03,2026-05-28,200.0,
GABC,2022-01-03,2026-05-28,200.0,
GAIA,2022-01-03,2026-05-28,200.0,
GAIN,2022-01-03,2026-05-28,200.0,
GALT,2022-01-03,2026-05-28,200.0,
GAME,2022-01-03,2026-05-28,200.0,
GANX,2022-01-03,2026-05-28,200.0,
GAP,2022-01-03,2026-05-28,200.0,
GARP,,,,NOT_FETCHED
GASS,2022-01-03,2026-05-28,200.0,
GATX,2022-01-03,2026-05-28,200.0,
GAU,2022-01-03,2026-05-28,200.0,
GAUZ,2024-06-06,2026-05-28,200.0,
GBCI,2022-01-03,2026-05-28,200.0,
GBDC,2022-01-03,2026-05-28,200.0,
GBFH,2024-07-09,2026-05-28,200.0,
GBLI,2022-01-03,2026-05-28,200.0,
GBND,2025-06-26,2026-05-28,200.0,
GBR,2022-01-03,2026-05-28,200.0,
GBTC,2022-01-03,2026-05-28,200.0,
GBTG,2022-08-18,2026-05-28,200.0,
GBX,2022-01-03,2026-05-28,200.0,
GCBC,2022-01-03,2026-05-28,200.0,
GCDT,2026-01-13,2026-05-28,200.0,
GCMG,2022-01-03,2026-05-28,200.0,
GCO,2022-01-03,2026-05-28,200.0,
GCT,2022-08-18,2026-05-28,200.0,
GCTK,2022-01-03,2026-05-28,200.0,
GCTS,2022-01-03,2026-05-28,200.0,
GD,2022-01-03,2026-05-28,200.0,
GDC,2022-01-03,2026-05-28,200.0,
GDDY,2022-01-03,2026-05-28,200.0,
GDEN,,,,HTTP 404
GDHG,2023-04-12,2026-05-28,200.0,
GDLC,2022-01-03,2026-05-28,200.0,
GDOC,2022-01-03,2026-05-28,200.0,
GDOT,2022-01-03,2026-05-28,200.0,
GDRX,2022-01-03,2026-05-28,200.0,
GDS,2022-01-03,2026-05-28,200.0,
GDTC,2023-04-14,2026-05-28,200.0,
GDX,2022-01-03,2026-05-28,200.0,
GDYN,2022-01-03,2026-05-28,200.0,
GE,2022-01-03,2026-05-28,200.0,
GECC,2022-01-03,2026-05-28,200.0,
GEF,2022-01-03,2026-05-28,200.0,
GEF/B,2022-01-03,2026-05-28,200.0,
GEG,2022-01-03,2026-05-28,200.0,
GEHC,2022-12-15,2026-05-28,200.0,
GEL,2022-01-03,2026-05-28,200.0,
GELS,2024-10-29,2026-05-28,200.0,
GEMI,2025-09-12,2026-05-28,200.0,
GEN,2022-01-03,2026-05-28,200.0,
GENB,2026-02-27,2026-05-28,200.0,
GENC,2022-01-03,2026-05-28,200.0,
GENI,2022-01-03,2026-05-28,200.0,
GENK,2023-06-28,2026-05-28,200.0,
GENVR,2025-04-21,2026-05-28,200.0,
GEO,2022-01-03,2026-05-28,200.0,
GEOS,2022-01-03,2026-05-28,200.0,
GERN,2022-01-03,2026-05-28,200.0,
GETR,2022-12-09,2026-05-28,200.0,
GETY,2022-01-03,2026-05-28,200.0,
GEV,2024-03-27,2026-05-28,200.0,
GEVO,2022-01-03,2026-05-28,200.0,
GFF,2022-01-03,2026-05-28,200.0,
GFI,2022-01-03,2026-05-28,200.0,
GFL,2022-01-03,2026-05-28,200.0,
GFR,2022-01-03,2026-05-28,200.0,
GFS,2022-01-03,2026-05-28,200.0,
GGAL,2022-01-03,2026-05-28,200.0,
GGB,2022-01-03,2026-05-28,200.0,
GGEI,2022-01-03,2026-05-28,200.0,
GGG,2022-01-03,2026-05-28,200.0,
GGME,2022-01-03,2026-05-28,200.0,
GH,2022-01-03,2026-05-28,200.0,
GHC,2022-01-03,2026-05-28,200.0,
GHG,2022-01-03,2026-05-28,200.0,
GHI,2022-01-03,2026-05-28,200.0,
GHM,2022-01-03,2026-05-28,200.0,
GHRS,2022-01-03,2026-05-28,200.0,
GIB,2022-01-03,2026-05-28,200.0,
GIC,2022-01-03,2026-05-28,200.0,
GIFT,2022-01-03,2026-05-28,200.0,
GIGM,2022-01-03,2026-05-28,200.0,
GIII,2022-01-03,2026-05-28,200.0,
GIL,2022-01-03,2026-05-28,200.0,
GILD,2022-01-03,2026-05-28,200.0,
GILT,2022-01-03,2026-05-28,200.0,
GIPRW,,,,HTTP 400
GIS,2022-01-03,2026-05-28,200.0,
GITS,2023-08-01,2026-05-28,200.0,
GKAT,2025-08-25,2026-05-28,200.0,
GKOS,2022-01-03,2026-05-28,200.0,
GL,2022-01-03,2026-05-28,200.0,
GLAD,2022-01-03,2026-05-28,200.0,
GLBE,2022-01-03,2026-05-28,200.0,
GLBZ,2022-01-03,2026-05-28,200.0,
GLD,2022-01-03,2026-05-28,200.0,
GLDD,,,,HTTP 404
GLDG,2022-01-03,2026-05-28,200.0,
GLDI,2022-01-03,2026-05-28,200.0,
GLE,2024-09-20,2026-05-28,200.0,
GLIBA,2025-07-11,2026-05-28,200.0,
GLIBK,2025-07-11,2026-05-28,200.0,
GLMD,2022-01-03,2026-05-28,200.0,
GLND,2026-03-23,2026-05-28,200.0,
GLNDW,,,200.0,
GLNG,2022-01-03,2026-05-28,200.0,
GLNK,2024-07-09,2026-05-28,200.0,
GLOB,2022-01-03,2026-05-28,200.0,
GLOO,2025-11-18,2026-05-28,200.0,
GLP,2022-01-03,2026-05-28,200.0,
GLPI,2022-01-03,2026-05-28,200.0,
GLSI,2022-01-03,2026-05-28,200.0,
GLTR,2022-01-03,2026-05-28,200.0,
GLUE,2022-01-03,2026-05-28,200.0,
GLW,2022-01-03,2026-05-28,200.0,
GLXG,2024-09-12,2026-05-28,200.0,
GLXY,2025-05-16,2026-05-28,200.0,
GM,2022-01-03,2026-05-28,200.0,
GMAB,2022-01-03,2026-05-28,200.0,
GMBLZ,,,200.0,
GME,2022-01-03,2026-05-28,200.0,
GMED,2022-01-03,2026-05-28,200.0,
GMHS,2023-06-28,2026-05-28,200.0,
GMM,2023-10-09,2026-05-28,200.0,
GMNY,2024-09-13,2026-05-28,200.0,
GMRS,2026-05-13,2026-05-28,200.0,
GMTL,2026-03-20,2026-05-28,200.0,
GNE,2022-01-03,2026-05-28,200.0,
GNK,2022-01-03,2026-05-28,200.0,
GNL,2022-01-03,2026-05-28,200.0,
GNLX,2023-01-26,2026-05-28,200.0,
GNMA,2022-01-03,2026-05-28,200.0,
GNPX,2022-01-03,2026-05-28,200.0,
GNRC,2022-01-03,2026-05-28,200.0,
GNSS,2022-01-03,2026-05-28,200.0,
GNTA,2022-01-03,2026-05-28,200.0,
GNTX,2022-01-03,2026-05-28,200.0,
GNW,2022-01-03,2026-05-28,200.0,
GO,2022-01-03,2026-05-28,200.0,
GOAI,2026-01-28,2026-05-28,200.0,
GOEVQ,2025-08-25,2026-05-28,200.0,
GOGO,2022-01-03,2026-05-28,200.0,
GOLD,2022-01-03,2026-05-28,200.0,
GOLF,2022-01-03,2026-05-28,200.0,
GOLI,2025-04-02,2026-05-28,200.0,
GOOD,2022-01-03,2026-05-28,200.0,
GOOG,2022-01-03,2026-05-28,200.0,
GOOGL,2022-01-03,2026-05-28,200.0,
GOOS,2022-01-03,2026-05-28,200.0,
GOOY,2023-07-28,2026-05-28,200.0,
GOSS,2022-01-03,2026-05-28,200.0,
GOTU,2022-01-03,2026-05-28,200.0,
GOVX,2022-01-03,2026-05-28,200.0,
GP,2022-01-03,2026-05-28,200.0,
GPC,2022-01-03,2026-05-28,200.0,
GPCR,2023-02-03,2026-05-28,200.0,
GPGI,2022-01-03,2026-05-28,200.0,
GPI,2022-01-03,2026-05-28,200.0,
GPK,2022-01-03,2026-05-28,200.0,
GPMT,2022-01-03,2026-05-28,200.0,
GPN,2022-01-03,2026-05-28,200.0,
GPOR,2022-01-03,2026-05-28,200.0,
GPRE,2022-01-03,2026-05-28,200.0,
GPRK,2022-01-03,2026-05-28,200.0,
GPRO,2022-01-03,2026-05-28,200.0,
GPUS,2022-01-03,2026-05-28,200.0,
GQI,2023-12-13,2026-05-28,200.0,
GRAL,2024-06-12,2026-05-28,200.0,
GRAN,2025-07-01,2026-05-28,200.0,
GRBK,2022-01-03,2026-05-28,200.0,
GRC,2022-01-03,2026-05-28,200.0,
GRCE,2022-01-03,2026-05-28,200.0,
GRDN,2024-09-26,2026-05-28,200.0,
GRDX,2022-01-03,2026-05-28,200.0,
GREK,2022-01-03,2026-05-28,200.0,
GRFS,2022-01-03,2026-05-28,200.0,
GRI,2022-01-03,2026-05-28,200.0,
GRML,2026-03-12,2026-05-28,200.0,
GRMN,2022-01-03,2026-05-28,200.0,
GRNB,2022-01-03,2026-05-28,200.0,
GRND,2022-01-03,2026-05-28,200.0,
GRNT,2022-01-03,2026-05-28,200.0,
GRO,2024-11-27,2026-05-28,200.0,
GROV,2022-01-03,2026-05-28,200.0,
GROW,2022-01-03,2026-05-28,200.0,
GROY,2022-01-03,2026-05-28,200.0,
GROZ,2024-12-05,2026-05-28,200.0,
GRPH,,,,HTTP 404
GRPN,2022-01-03,2026-05-28,200.0,
GRTUF,2022-01-03,2026-05-28,200.0,
GRVY,2022-01-03,2026-05-28,200.0,
GRWG,2022-01-03,2026-05-28,200.0,
GS,2022-01-03,2026-05-28,200.0,
GSAT,2022-01-03,2026-05-28,200.0,
GSBC,2022-01-03,2026-05-28,200.0,
GSBD,2022-01-03,2026-05-28,200.0,
GSHD,2022-01-03,2026-05-28,200.0,
GSIE,2022-01-03,2026-05-28,200.0,
GSIT,2022-01-03,2026-05-28,200.0,
GSIW,2023-12-01,2026-05-28,200.0,
GSK,2022-01-03,2026-05-28,200.0,
GSM,2022-01-03,2026-05-28,200.0,
GSOL,2024-01-02,2026-05-28,200.0,
GSSC,2022-01-03,2026-05-28,200.0,
GSUN,2022-06-22,2026-05-28,200.0,
GT,2022-01-03,2026-05-28,200.0,
GTBP,2022-01-03,2026-05-28,200.0,
GTE,2022-01-03,2026-05-28,200.0,
GTIM,2022-01-03,2026-05-28,200.0,
GTIP,2022-01-03,2026-05-28,200.0,
GTLB,2022-01-03,2026-05-28,200.0,
GTM,2022-01-03,2026-05-28,200.0,
GTN,2022-01-03,2026-05-28,200.0,
GTN/A,2022-01-03,2026-05-28,200.0,
GTX,2022-01-03,2026-05-28,200.0,
GTY,2022-01-03,2026-05-28,200.0,
GURE,2022-01-03,2026-05-28,200.0,
GUTS,2024-02-02,2026-05-28,200.0,
GVA,2022-01-03,2026-05-28,200.0,
GVAL,2022-01-03,2026-05-28,200.0,
GVH,2023-11-08,2026-05-28,200.0,
GVHGF,2022-05-17,2026-05-28,200.0,
GVIP,2022-01-03,2026-05-28,200.0,
GWAV,2022-01-03,2026-05-28,200.0,
GWH,2022-01-03,2026-05-28,200.0,
GWRE,2022-01-03,2026-05-28,200.0,
GWRS,2022-01-03,2026-05-28,200.0,
GWW,2022-01-03,2026-05-28,200.0,
GXAI,2023-02-15,2026-05-28,200.0,
GXO,2022-01-03,2026-05-28,200.0,
GYRE,2022-01-03,2026-05-28,200.0,
H,2022-01-03,2026-05-28,200.0,
HAE,2022-01-03,2026-05-28,200.0,
HAFC,2022-01-03,2026-05-28,200.0,
HAFN,2024-04-10,2026-05-28,200.0,
HAIN,2022-01-03,2026-05-28,200.0,
HAL,2022-01-03,2026-05-28,200.0,
HALO,2022-01-03,2026-05-28,200.0,
HAO,2024-01-26,2026-05-28,200.0,
HAPN,2022-01-03,2026-05-28,200.0,
HAS,2022-01-03,2026-05-28,200.0,
HASI,2022-01-03,2026-05-28,200.0,
HAWK,2026-05-07,2026-05-28,200.0,
HAYW,2022-01-03,2026-05-28,200.0,
HBAN,2022-01-03,2026-05-28,200.0,
HBB,2022-01-03,2026-05-28,200.0,
HBCP,2022-01-03,2026-05-28,200.0,
HBDC,2025-06-11,2026-05-28,200.0,
HBIO,2022-01-03,2026-05-28,200.0,
HBM,2022-01-03,2026-05-28,200.0,
HBNB,2025-06-03,2026-05-28,200.0,
HBNC,2022-01-03,2026-05-28,200.0,
HBT,2022-01-03,2026-05-28,200.0,
HCA,2022-01-03,2026-05-28,200.0,
HCAT,2022-01-03,2026-05-28,200.0,
HCC,2022-01-03,2026-05-28,200.0,
HCI,2022-01-03,2026-05-28,200.0,
HCKT,2022-01-03,2026-05-28,200.0,
HCM,2022-01-03,2026-05-28,200.0,
HCMT,2023-06-22,2026-05-28,200.0,
HCSG,2022-01-03,2026-05-28,200.0,
HCTI,2022-01-03,2026-05-28,200.0,
HCWB,2022-01-03,2026-05-28,200.0,
HCWC,2024-09-16,2026-05-28,200.0,
HD,2022-01-03,2026-05-28,200.0,
HDB,2022-01-03,2026-05-28,200.0,
HDRNW,,,200.0,
HDSN,2022-01-03,2026-05-28,200.0,
HE,2022-01-03,2026-05-28,200.0,
HEAL,2022-01-03,2026-05-28,200.0,
HECA,2025-07-01,2026-05-28,200.0,
HEI,2022-01-03,2026-05-28,200.0,
HELE,2022-01-03,2026-05-28,200.0,
HELP,2022-01-03,2026-05-28,200.0,
HELS,2025-12-11,2026-05-28,200.0,
HEPA,2022-01-03,2026-05-28,200.0,
HEPS,2022-01-03,2026-05-28,200.0,
HEQT,2022-01-03,2026-05-28,200.0,
HERE,2023-01-25,2026-05-28,200.0,
HERZ,2022-01-03,2026-05-28,200.0,
HES,,,,HTTP 404
HESM,2022-01-03,2026-05-28,200.0,
HFBL,2022-01-03,2026-05-28,200.0,
HFFG,2022-01-03,2026-05-28,200.0,
HFWA,2022-01-03,2026-05-28,200.0,
HG,2023-11-10,2026-05-28,200.0,
HGBL,2022-01-03,2026-05-28,200.0,
HGRO,2025-06-11,2026-05-28,200.0,
HGTY,2022-01-03,2026-05-28,200.0,
HGV,2022-01-03,2026-05-28,200.0,
HHH,2022-01-03,2026-05-28,200.0,
HHS,2022-01-03,2026-05-28,200.0,
HIDV,2023-03-28,2026-05-28,200.0,
HIG,2022-01-03,2026-05-28,200.0,
HII,2022-01-03,2026-05-28,200.0,
HIMS,2022-01-03,2026-05-28,200.0,
HIMX,2022-01-03,2026-05-28,200.0,
HIND,2022-01-03,2026-05-28,200.0,
HIPO,2022-01-03,2026-05-28,200.0,
HIT,2024-12-23,2026-05-28,200.0,
HITI,2022-01-03,2026-05-28,200.0,
HIVE,2022-01-03,2026-05-28,200.0,
HIW,2022-01-03,2026-05-28,200.0,
HIYY,2025-09-23,2026-05-28,200.0,
HKD,2022-07-15,2026-05-28,200.0,
HKIT,2023-03-31,2026-05-28,200.0,
HL,2022-01-03,2026-05-28,200.0,
HLAL,2022-01-03,2026-05-28,200.0,
HLF,2022-01-03,2026-05-28,200.0,
HLI,2022-01-03,2026-05-28,200.0,
HLIO,2022-01-03,2026-05-28,200.0,
HLIT,2022-01-03,2026-05-28,200.0,
HLLY,2022-01-03,2026-05-28,200.0,
HLMN,2022-01-03,2026-05-28,200.0,
HLN,2022-07-25,2026-05-28,200.0,
HLNE,2022-01-03,2026-05-28,200.0,
HLP,2023-03-29,2026-05-28,200.0,
HLT,2022-01-03,2026-05-28,200.0,
HLTHQ,2022-01-03,2026-05-28,200.0,
HLX,2022-01-03,2026-05-28,200.0,
HLXC,2026-01-23,2026-05-28,200.0,
HMC,2022-01-03,2026-05-28,200.0,
HMH,2026-04-01,2026-05-28,200.0,
HMN,2022-01-03,2026-05-28,200.0,
HMY,2022-01-03,2026-05-28,200.0,
HNGE,2025-05-22,2026-05-28,200.0,
HNI,2022-01-03,2026-05-28,200.0,
HNNA,2022-01-03,2026-05-28,200.0,
HNRG,2022-01-03,2026-05-28,200.0,
HNST,2022-01-03,2026-05-28,200.0,
HNVR,2022-05-11,2026-05-28,200.0,
HODL,2024-01-11,2026-05-28,200.0,
HOFT,2022-01-03,2026-05-28,200.0,
HOG,2022-01-03,2026-05-28,200.0,
HOMB,2022-01-03,2026-05-28,200.0,
HON,2022-01-03,2026-05-28,200.0,
HONA,,,,HTTP 400
HOOD,2022-01-03,2026-05-28,200.0,
HOPE,2022-01-03,2026-05-28,200.0,
HOUR,2022-01-07,2026-05-28,200.0,
HOV,2022-01-03,2026-05-28,200.0,
HOVR,2023-04-03,2026-05-28,200.0,
HOVRW,,,,HTTP 400
HOWL,2022-01-03,2026-05-28,200.0,
HP,2022-01-03,2026-05-28,200.0,
HPE,2022-01-03,2026-05-28,200.0,
HPK,2022-01-03,2026-05-28,200.0,
HPP,2022-01-03,2026-05-28,200.0,
HPQ,2022-01-03,2026-05-28,200.0,
HQI,2022-01-03,2026-05-28,200.0,
HQL,2022-01-03,2026-05-28,200.0,
HQY,2022-01-03,2026-05-28,200.0,
HR,2022-01-03,2026-05-28,200.0,
HRB,2022-01-03,2026-05-28,200.0,
HRI,2022-01-03,2026-05-28,200.0,
HRL,2022-01-03,2026-05-28,200.0,
HRMY,2022-01-03,2026-05-28,200.0,
HROW,2022-01-03,2026-05-28,200.0,
HRTG,2022-01-03,2026-05-28,200.0,
HRTX,2022-01-03,2026-05-28,200.0,
HRZN,2022-01-03,2026-05-28,200.0,
HSAI,2023-02-09,2026-05-28,200.0,
HSBC,2022-01-03,2026-05-28,200.0,
HSCS,2022-06-16,2026-05-28,200.0,
HSCSW,,,,HTTP 400
HSDT,2022-01-03,2026-05-28,200.0,
HSHP,2023-03-31,2026-05-28,200.0,
HSIC,2022-01-03,2026-05-28,200.0,
HSLV,2026-03-11,2026-05-28,200.0,
HST,2022-01-03,2026-05-28,200.0,
HSTM,2022-01-03,2026-05-28,200.0,
HSY,2022-01-03,2026-05-28,200.0,
HTB,2022-01-03,2026-05-28,200.0,
HTCR,2022-02-10,2026-05-28,200.0,
HTFL,2025-08-11,2026-05-28,200.0,
HTGC,2022-01-03,2026-05-28,200.0,
HTH,2022-01-03,2026-05-28,200.0,
HTHT,2022-01-03,2026-05-28,200.0,
HTLD,2022-01-03,2026-05-28,200.0,
HTLM,2024-10-01,2026-05-28,200.0,
HTOO,2022-01-03,2026-05-28,200.0,
HTT,2022-01-03,2026-05-28,200.0,
HTUS,2022-01-03,2026-05-28,200.0,
HTZ,2022-01-03,2026-05-28,200.0,
HTZWW,,,,HTTP 400
HUBB,2022-01-03,2026-05-28,200.0,
HUBG,2022-01-03,2026-05-28,200.0,
HUBS,2022-01-03,2026-05-28,200.0,
HUIZ,2022-01-03,2026-05-28,200.0,
HUM,2022-01-03,2026-05-28,200.0,
HUMA,2022-01-03,2026-05-28,200.0,
HUN,2022-01-03,2026-05-28,200.0,
HURA,2022-01-03,2026-05-28,200.0,
HURC,2022-01-03,2026-05-28,200.0,
HURN,2022-01-03,2026-05-28,200.0,
HUT,2022-01-03,2026-05-28,200.0,
HUYA,2022-01-03,2026-05-28,200.0,
HVT,2022-01-03,2026-05-28,200.0,
HWBK,2022-01-03,2026-05-28,200.0,
HWC,2022-01-03,2026-05-28,200.0,
HWH,2022-03-24,2026-05-28,200.0,
HWKN,2022-01-03,2026-05-28,200.0,
HWM,2022-01-03,2026-05-28,200.0,
HXL,2022-01-03,2026-05-28,200.0,
HY,2022-01-03,2026-05-28,200.0,
HYBX,2024-11-19,2026-05-28,200.0,
HYFI,2023-05-15,2026-05-28,200.0,
HYFM,2022-01-03,2026-05-28,200.0,
HYLN,2022-01-03,2026-05-28,200.0,
HYMC,2022-01-03,2026-05-28,200.0,
HYMCL,,,200.0,
HYNE,2025-12-04,2026-05-28,200.0,
HYPD,2022-01-03,2026-05-28,200.0,
HYPR,2022-01-03,2026-05-28,200.0,
HZO,2022-01-03,2026-05-28,200.0,
IA,2022-01-03,2026-05-28,200.0,
IAF,2022-01-03,2026-05-28,200.0,
IAG,2022-01-03,2026-05-28,200.0,
IART,2022-01-03,2026-05-28,200.0,
IAU,2022-01-03,2026-05-28,200.0,
IAUI,2025-06-05,2026-05-28,200.0,
IAUM,2022-01-03,2026-05-28,200.0,
IAUX,2022-01-03,2026-05-28,200.0,
IBAC,2024-05-01,2026-05-28,200.0,
IBBQ,2022-01-03,2026-05-28,200.0,
IBCP,2022-01-03,2026-05-28,200.0,
IBDV,2022-01-03,2026-05-28,200.0,
IBEX,2022-01-03,2026-05-28,200.0,
IBG,2024-09-26,2026-05-28,200.0,
IBGA,2024-06-13,2026-05-28,200.0,
IBGB,2025-03-26,2026-05-28,200.0,
IBGK,2024-07-18,2026-05-28,200.0,
IBGL,2025-04-08,2026-05-28,200.0,
IBIC,2024-06-10,2026-05-28,200.0,
IBID,2023-09-18,2026-05-28,200.0,
IBIE,2023-09-18,2026-05-28,200.0,
IBIF,2023-09-25,2026-05-28,200.0,
IBIG,2023-10-06,2026-05-28,200.0,
IBIH,2023-09-22,2026-05-28,200.0,
IBII,2023-09-22,2026-05-28,200.0,
IBIL,2025-03-28,2026-05-28,200.0,
IBIO,2022-01-03,2026-05-28,200.0,
IBIT,2024-01-11,2026-05-28,200.0,
IBKR,2022-01-03,2026-05-28,200.0,
IBMR,2023-05-11,2026-05-28,200.0,
IBN,2022-01-03,2026-05-28,200.0,
IBO,2024-09-16,2026-05-28,200.0,
IBOC,2022-01-03,2026-05-28,200.0,
IBOT,2023-04-10,2026-05-28,200.0,
IBP,2022-01-03,2026-05-28,200.0,
IBRX,2022-01-03,2026-05-28,200.0,
IBTA,2024-04-19,2026-05-28,200.0,
IBTL,2022-01-03,2026-05-28,200.0,
IBTO,2023-06-30,2026-05-28,200.0,
IBTP,2024-06-12,2026-05-28,200.0,
IBTQ,2025-03-27,2026-05-28,200.0,
ICCC,2022-01-03,2026-05-28,200.0,
ICCM,2022-01-03,2026-05-28,200.0,
ICE,2022-01-03,2026-05-28,200.0,
ICFI,2022-01-03,2026-05-28,200.0,
ICG,2023-03-16,2026-05-28,200.0,
ICL,2022-01-03,2026-05-28,200.0,
ICMB,2022-01-03,2026-05-28,200.0,
ICON,2024-07-12,2026-05-28,200.0,
ICOP,2023-06-26,2026-05-28,200.0,
ICU,2022-01-03,2026-05-28,200.0,
ICUCW,,,,HTTP 400
ICUI,2022-01-03,2026-05-28,200.0,
IDA,2022-01-03,2026-05-28,200.0,
IDAI,2022-01-03,2026-05-28,200.0,
IDCC,2022-01-03,2026-05-28,200.0,
IDEXQ,,,,HTTP 404
IDN,2022-01-03,2026-05-28,200.0,
IDR,2022-01-03,2026-05-28,200.0,
IDT,2022-01-03,2026-05-28,200.0,
IDX,2022-01-03,2026-05-28,200.0,
IDXX,2022-01-03,2026-05-28,200.0,
IDYA,2022-01-03,2026-05-28,200.0,
IE,2022-06-28,2026-05-28,200.0,
IEFA,2022-01-03,2026-05-28,200.0,
IEP,2022-01-03,2026-05-28,200.0,
IESC,2022-01-03,2026-05-28,200.0,
IEV,2022-01-03,2026-05-28,200.0,
IEX,2022-01-03,2026-05-28,200.0,
IFBD,2022-01-03,2026-05-28,200.0,
IFF,2022-01-03,2026-05-28,200.0,
IFS,2022-01-03,2026-05-28,200.0,
IGC,2022-01-03,2026-05-28,200.0,
IGEB,2022-01-03,2026-05-28,200.0,
IGPT,2022-01-03,2026-05-28,200.0,
IGV,2022-01-03,2026-05-28,200.0,
IH,2022-01-03,2026-05-28,200.0,
IHG,2022-01-03,2026-05-28,200.0,
IHRT,2022-01-03,2026-05-28,200.0,
IHS,2022-01-03,2026-05-28,200.0,
IHT,2022-01-03,2026-05-28,200.0,
III,2022-01-03,2026-05-28,200.0,
IIIN,2022-01-03,2026-05-28,200.0,
IIIV,2022-01-03,2026-05-28,200.0,
IIPR,2022-01-03,2026-05-28,200.0,
IKT,2022-01-03,2026-05-28,200.0,
ILAG,2022-07-13,2026-05-28,200.0,
ILLR,2022-01-03,2026-05-28,200.0,
ILLRW,,,200.0,
ILMN,2022-01-03,2026-05-28,200.0,
ILPT,2022-01-03,2026-05-28,200.0,
IMA,2022-01-03,2026-05-28,200.0,
IMAQR,,,200.0,
IMAX,2022-01-03,2026-05-28,200.0,
IMCC,2022-01-03,2026-05-28,200.0,
IMCR,2022-01-03,2026-05-28,200.0,
IMDX,2022-01-03,2026-05-28,200.0,
IMKTA,2022-01-03,2026-05-28,200.0,
IMMP,2022-01-03,2026-05-28,200.0,
IMMR,2022-01-03,2026-05-28,200.0,
IMMX,2022-01-03,2026-05-28,200.0,
IMNM,2022-01-03,2026-05-28,200.0,
IMNN,2022-01-03,2026-05-28,200.0,
IMO,2022-01-03,2026-05-28,200.0,
IMOS,2022-01-03,2026-05-28,200.0,
IMRN,2022-01-03,2026-05-28,200.0,
IMRX,2022-01-03,2026-05-28,200.0,
IMSR,2024-10-10,2026-05-28,200.0,
IMTX,2022-01-03,2026-05-28,200.0,
IMUX,2022-01-03,2026-05-28,200.0,
IMVP,2022-01-03,2026-05-28,200.0,
IMVT,2022-01-03,2026-05-28,200.0,
IMXI,2022-01-03,2026-05-28,200.0,
INAB,2022-01-03,2026-05-28,200.0,
INBK,2022-01-03,2026-05-28,200.0,
INBS,2022-01-03,2026-05-28,200.0,
INBX,2024-05-29,2026-05-28,200.0,
INCM,2023-06-08,2026-05-28,200.0,
INCR,2022-01-03,2026-05-28,200.0,
INCY,2022-01-03,2026-05-28,200.0,
INDA,2022-01-03,2026-05-28,200.0,
INDB,2022-01-03,2026-05-28,200.0,
INDI,2022-01-03,2026-05-28,200.0,
INDO,2022-01-03,2026-05-28,200.0,
INDP,2022-01-03,2026-05-28,200.0,
INDV,2022-01-03,2026-05-28,200.0,
INDY,2022-01-03,2026-05-28,200.0,
INDZ,2026-02-19,2026-05-28,200.0,
INEO,2024-10-23,2026-05-28,200.0,
INFQ,2026-02-17,2026-05-28,200.0,
INFU,2022-01-03,2026-05-28,200.0,
INFY,2022-01-03,2026-05-28,200.0,
ING,2022-01-03,2026-05-28,200.0,
INGM,2024-10-24,2026-05-28,200.0,
INGN,2022-01-03,2026-05-28,200.0,
INGR,2022-01-03,2026-05-28,200.0,
INHD,2023-12-14,2026-05-28,200.0,
INKT,2022-01-03,2026-05-28,200.0,
INLF,2025-01-02,2026-05-28,200.0,
INLX,2022-01-03,2026-05-28,200.0,
INM,2022-01-03,2026-05-28,200.0,
INMB,2022-01-03,2026-05-28,200.0,
INMD,2022-01-03,2026-05-28,200.0,
INN,2022-01-03,2026-05-28,200.0,
INNV,2022-01-03,2026-05-28,200.0,
INO,2022-01-03,2026-05-28,200.0,
INOD,2022-01-03,2026-05-28,200.0,
INR,2025-01-31,2026-05-28,200.0,
INSE,2022-01-03,2026-05-28,200.0,
INSG,2022-01-03,2026-05-28,200.0,
INSM,2022-01-03,2026-05-28,200.0,
INSP,2022-01-03,2026-05-28,200.0,
INSW,2022-01-03,2026-05-28,200.0,
INTA,2022-01-03,2026-05-28,200.0,
INTC,2022-01-03,2026-05-28,200.0,
INTG,2022-01-03,2026-05-28,200.0,
INTJ,2024-03-20,2026-05-28,200.0,
INTR,2022-06-23,2026-05-28,200.0,
INTS,2023-06-30,2026-05-28,200.0,
INTT,2022-01-03,2026-05-28,200.0,
INTU,2022-01-03,2026-05-28,200.0,
INTZ,2022-01-03,2026-05-28,200.0,
INUV,2022-01-03,2026-05-28,200.0,
INV,2022-01-03,2026-05-28,200.0,
INVA,2022-01-03,2026-05-28,200.0,
INVE,2022-01-03,2026-05-28,200.0,
INVH,2022-01-03,2026-05-28,200.0,
INVX,2022-01-03,2026-05-28,200.0,
INVZ,2022-01-03,2026-05-28,200.0,
IOBTQ,2022-01-03,2026-05-28,200.0,
ION,2022-12-01,2026-05-28,200.0,
IONQ,2022-01-03,2026-05-28,200.0,
IONR,2022-06-30,2026-05-28,200.0,
IONS,2022-01-03,2026-05-28,200.0,
IOO,2022-01-03,2026-05-28,200.0,
IOSP,2022-01-03,2026-05-28,200.0,
IOT,2022-01-03,2026-05-28,200.0,
IOTR,2025-04-10,2026-05-28,200.0,
IOVA,2022-01-03,2026-05-28,200.0,
IP,2022-01-03,2026-05-28,200.0,
IPAR,2022-01-03,2026-05-28,200.0,
IPDN,2022-01-03,2026-05-28,200.0,
IPGP,2022-01-03,2026-05-28,200.0,
IPHA,2022-01-03,2026-05-28,200.0,
IPI,2022-01-03,2026-05-28,200.0,
IPM,2022-01-03,2026-05-28,200.0,
IPO,2022-01-03,2026-05-28,200.0,
IPSC,2022-01-03,2026-05-28,200.0,
IPST,2024-11-22,2026-05-28,200.0,
IPW,2022-01-03,2026-05-28,200.0,
IPWR,2022-01-03,2026-05-28,200.0,
IPX,2022-06-21,2026-05-28,200.0,
IQ,2022-01-03,2026-05-28,200.0,
IQST,2022-01-03,2026-05-28,200.0,
IR,2022-01-03,2026-05-28,200.0,
IRD,2022-01-03,2026-05-28,200.0,
IRDM,2022-01-03,2026-05-28,200.0,
IREN,2022-01-03,2026-05-28,200.0,
IRIX,2022-01-03,2026-05-28,200.0,
IRM,2022-01-03,2026-05-28,200.0,
IRMD,2022-01-03,2026-05-28,200.0,
IRON,2022-01-03,2026-05-28,200.0,
IROQ,,,,HTTP 404
IRT,2022-01-03,2026-05-28,200.0,
IRTC,2022-01-03,2026-05-28,200.0,
IRWD,2022-01-03,2026-05-28,200.0,
ISBA,2022-01-03,2026-05-28,200.0,
ISOU,2022-01-03,2026-05-28,200.0,
ISPC,2022-01-03,2026-05-28,200.0,
ISPO,,,,HTTP 404
ISPR,2023-04-04,2026-05-28,200.0,
ISRA,2022-01-03,2026-05-28,200.0,
ISRG,2022-01-03,2026-05-28,200.0,
ISTR,2022-01-03,2026-05-28,200.0,
ISUNQ,2022-01-03,2026-05-28,200.0,
ISWN,2022-01-03,2026-05-28,200.0,
IT,2022-01-03,2026-05-28,200.0,
ITEQ,2022-01-03,2026-05-28,200.0,
ITGR,2022-01-03,2026-05-28,200.0,
ITIC,2022-01-03,2026-05-28,200.0,
ITOC,2024-09-05,2026-05-28,200.0,
ITP,2022-01-03,2026-05-28,200.0,
ITRG,2022-01-03,2026-05-28,200.0,
ITRI,2022-01-03,2026-05-28,200.0,
ITT,2022-01-03,2026-05-28,200.0,
ITUB,2022-01-03,2026-05-28,200.0,
ITW,2022-01-03,2026-05-28,200.0,
IVA,2022-01-03,2026-05-28,200.0,
IVDA,2022-01-03,2026-05-28,200.0,
IVDAW,,,,HTTP 400
IVF,2022-01-03,2026-05-28,200.0,
IVR,2022-01-03,2026-05-28,200.0,
IVSS,2025-12-04,2026-05-28,200.0,
IVT,2022-01-03,2026-05-28,200.0,
IVVD,2022-01-03,2026-05-28,200.0,
IVVW,2024-03-15,2026-05-28,200.0,
IVZ,2022-01-03,2026-05-28,200.0,
IWC,2022-01-03,2026-05-28,200.0,
IWM,2022-01-03,2026-05-28,200.0,
IWMY,2023-11-01,2026-05-28,200.0,
IWV,2022-01-03,2026-05-28,200.0,
IX,2022-01-03,2026-05-28,200.0,
IXHL,2022-03-02,2026-05-28,200.0,
IXN,2022-01-03,2026-05-28,200.0,
IYE,2022-01-03,2026-05-28,200.0,
IZEA,2022-01-03,2026-05-28,200.0,
IZM,2023-03-15,2026-05-28,200.0,
J,2022-01-03,2026-05-28,200.0,
JACK,2022-01-03,2026-05-28,200.0,
JAGU,2026-02-09,2026-05-28,200.0,
JAGX,2022-01-03,2026-05-28,200.0,
JAKK,2022-01-03,2026-05-28,200.0,
JAN,2026-03-20,2026-05-28,200.0,
JANX,2022-01-03,2026-05-28,200.0,
JATT,2026-04-17,2026-05-28,200.0,
JAZZ,2022-01-03,2026-05-28,200.0,
JBDI,2024-08-27,2026-05-28,200.0,
JBGS,2022-01-03,2026-05-28,200.0,
JBHT,2022-01-03,2026-05-28,200.0,
JBI,2022-01-03,2026-05-28,200.0,
JBIO,2022-01-03,2026-05-28,200.0,
JBL,2022-01-03,2026-05-28,200.0,
JBLU,2022-01-03,2026-05-28,200.0,
JBND,2023-10-12,2026-05-28,200.0,
JBS,2025-06-13,2026-05-28,200.0,
JBSS,2022-01-03,2026-05-28,200.0,
JBTM,2022-01-03,2026-05-28,200.0,
JCAP,2025-06-26,2026-05-28,200.0,
JCI,2022-01-03,2026-05-28,200.0,
JCSE,2022-04-22,2026-05-28,200.0,
JCTC,2022-01-03,2026-05-28,200.0,
JD,2022-01-03,2026-05-28,200.0,
JDZG,2024-05-15,2026-05-28,200.0,
JEF,2022-01-03,2026-05-28,200.0,
JELD,2022-01-03,2026-05-28,200.0,
JEPI,2022-01-03,2026-05-28,200.0,
JEWL,2022-12-09,2026-05-28,200.0,
JF,2022-01-03,2026-05-28,200.0,
JFB,2025-03-06,2026-05-28,200.0,
JFIN,2022-01-03,2026-05-28,200.0,
JFLI,2025-02-14,2026-05-28,200.0,
JFU,2022-01-03,2026-05-28,200.0,
JG,2022-01-03,2026-05-28,200.0,
JGRO,2022-08-09,2026-05-28,200.0,
JGRW,2024-08-13,2026-05-28,200.0,
JHCP,2024-12-18,2026-05-28,200.0,
JHCR,2024-12-18,2026-05-28,200.0,
JHHY,2024-05-02,2026-05-28,200.0,
JHMB,2022-01-03,2026-05-28,200.0,
JILL,2022-01-03,2026-05-28,200.0,
JJSF,2022-01-03,2026-05-28,200.0,
JKHY,2022-01-03,2026-05-28,200.0,
JKS,2022-01-03,2026-05-28,200.0,
JL,2024-01-24,2026-05-28,200.0,
JLHL,2025-06-26,2026-05-28,200.0,
JLL,2022-01-03,2026-05-28,200.0,
JMIA,2022-01-03,2026-05-28,200.0,
JMOM,2022-01-03,2026-05-28,200.0,
JMSB,2022-01-03,2026-05-28,200.0,
JMTG,2025-06-30,2026-05-28,200.0,
JMUB,2022-01-03,2026-05-28,200.0,
JNJ,2022-01-03,2026-05-28,200.0,
JOB,2022-01-03,2026-05-28,200.0,
JOBY,2022-01-03,2026-05-28,200.0,
JOE,2022-01-03,2026-05-28,200.0,
JOUT,2022-01-03,2026-05-28,200.0,
JOYY,2022-01-03,2026-05-28,200.0,
JPEF,2023-07-31,2026-05-28,200.0,
JPIE,2022-01-03,2026-05-28,200.0,
JPM,2022-01-03,2026-05-28,200.0,
JPXN,2022-01-03,2026-05-28,200.0,
JPY,2025-04-07,2026-05-28,200.0,
JRSH,2022-01-03,2026-05-28,200.0,
JRVR,2022-01-03,2026-05-28,200.0,
JSPR,2022-01-03,2026-05-28,200.0,
JSTC,2022-01-03,2026-05-28,200.0,
JTAI,2022-01-03,2026-05-28,200.0,
JUNS,2024-12-03,2026-05-28,200.0,
JVA,2022-01-03,2026-05-28,200.0,
JWEL,2022-01-03,2026-05-28,200.0,
JXG,2022-01-03,2026-05-28,200.0,
JXN,2022-01-03,2026-05-28,200.0,
JYD,2023-04-21,2026-05-28,200.0,
JYNT,2022-01-03,2026-05-28,200.0,
JZXN,2022-01-03,2026-05-28,200.0,
KACLF,2022-01-21,2026-05-28,200.0,
KAI,2022-01-03,2026-05-28,200.0,
KALA,2022-01-03,2026-05-28,200.0,
KALU,2022-01-03,2026-05-28,200.0,
KAPA,2024-09-16,2026-05-28,200.0,
KARD,,,,HTTP 400
KARO,2022-01-03,2026-05-28,200.0,
KAT,2025-08-25,2026-05-28,200.0,
KAVL,2022-01-03,2026-05-28,200.0,
KB,2022-01-03,2026-05-28,200.0,
KBA,2022-01-03,2026-05-28,200.0,
KBDC,2024-05-22,2026-05-28,200.0,
KBH,2022-01-03,2026-05-28,200.0,
KBNT,2022-01-03,2026-05-28,200.0,
KBR,2022-01-03,2026-05-28,200.0,
KC,2022-01-03,2026-05-28,200.0,
KCE,2022-01-03,2026-05-28,200.0,
KD,2022-01-03,2026-05-28,200.0,
KDK,2025-09-25,2026-05-28,200.0,
KDP,2022-01-03,2026-05-28,200.0,
KE,2022-01-03,2026-05-28,200.0,
KEEL,2022-01-03,2026-05-28,200.0,
KELYA,2022-01-03,2026-05-28,200.0,
KEP,2022-01-03,2026-05-28,200.0,
KEQU,2022-01-03,2026-05-28,200.0,
KEX,2022-01-03,2026-05-28,200.0,
KEY,2022-01-03,2026-05-28,200.0,
KEYS,2022-01-03,2026-05-28,200.0,
KFFB,2022-01-03,2026-05-28,200.0,
KFRC,2022-01-03,2026-05-28,200.0,
KFY,2022-01-03,2026-05-28,200.0,
KG,2022-01-03,2026-05-28,200.0,
KGC,2022-01-03,2026-05-28,200.0,
KGEI,2022-01-03,2026-05-28,200.0,
KGRN,2022-01-03,2026-05-28,200.0,
KGS,2023-06-29,2026-05-28,200.0,
KHC,2022-01-03,2026-05-28,200.0,
KIDS,2022-01-03,2026-05-28,200.0,
KIDZW,,,,HTTP 400
KIM,2022-01-03,2026-05-28,200.0,
KINS,2022-01-03,2026-05-28,200.0,
KIO,2022-01-03,2026-05-28,200.0,
KIQSF,2022-01-03,2026-05-28,200.0,
KITT,2022-01-03,2026-05-28,200.0,
KITTW,,,,HTTP 400
KKR,2022-01-03,2026-05-28,200.0,
KLAC,2022-01-03,2026-05-28,200.0,
KLAR,2025-09-11,2026-05-28,200.0,
KLC,2024-10-09,2026-05-28,200.0,
KLG,,,,HTTP 404
KLIC,2022-01-03,2026-05-28,200.0,
KLRA,2026-04-17,2026-05-28,200.0,
KLRS,2022-01-03,2026-05-28,200.0,
KLTR,2022-01-03,2026-05-28,200.0,
KLXE,2022-01-03,2026-05-28,200.0,
KMB,2022-01-03,2026-05-28,200.0,
KMDA,2022-01-03,2026-05-28,200.0,
KMI,2022-01-03,2026-05-28,200.0,
KMID,2024-10-16,2026-05-28,200.0,
KMPR,2022-01-03,2026-05-28,200.0,
KMRK,2025-07-16,2026-05-28,200.0,
KMT,2022-01-03,2026-05-28,200.0,
KMX,2022-01-03,2026-05-28,200.0,
KN,2022-01-03,2026-05-28,200.0,
KNDI,2022-01-03,2026-05-28,200.0,
KNF,2023-06-06,2026-05-28,200.0,
KNG,,,,NOT_FETCHED
KNOP,2022-01-03,2026-05-28,200.0,
KNRX,2025-09-29,2026-05-28,200.0,
KNSL,2022-01-03,2026-05-28,200.0,
KNTK,2022-01-03,2026-05-28,200.0,
KNX,2022-01-03,2026-05-28,200.0,
KO,2022-01-03,2026-05-28,200.0,
KOD,2022-01-03,2026-05-28,200.0,
KODK,2022-01-03,2026-05-28,200.0,
KOF,2022-01-03,2026-05-28,200.0,
KOID,2025-06-05,2026-05-28,200.0,
KOKU,2022-01-03,2026-05-28,200.0,
KOP,2022-01-03,2026-05-28,200.0,
KOPN,2022-01-03,2026-05-28,200.0,
KOS,2022-01-03,2026-05-28,200.0,
KOSS,2022-01-03,2026-05-28,200.0,
KPLT,2022-01-03,2026-05-28,200.0,
KPRX,2022-01-03,2026-05-28,200.0,
KPTI,2022-01-03,2026-05-28,200.0,
KR,2022-01-03,2026-05-28,200.0,
KRC,2022-01-03,2026-05-28,200.0,
KREF,2022-01-03,2026-05-28,200.0,
KRG,2022-01-03,2026-05-28,200.0,
KRKR,2022-01-03,2026-05-28,200.0,
KRMD,2022-01-03,2026-05-28,200.0,
KRMN,2025-02-13,2026-05-28,200.0,
KRNT,2022-01-03,2026-05-28,200.0,
KRNY,2022-01-03,2026-05-28,200.0,
KRO,2022-01-03,2026-05-28,200.0,
KROS,2022-01-03,2026-05-28,200.0,
KRP,2022-01-03,2026-05-28,200.0,
KRRO,2022-01-03,2026-05-28,200.0,
KRT,2022-01-03,2026-05-28,200.0,
KRUS,2022-01-03,2026-05-28,200.0,
KRYS,2022-01-03,2026-05-28,200.0,
KSCP,2022-01-27,2026-05-28,200.0,
KSPI,2024-01-19,2026-05-28,200.0,
KSS,2022-01-03,2026-05-28,200.0,
KT,2022-01-03,2026-05-28,200.0,
KTB,2022-01-03,2026-05-28,200.0,
KTCC,2022-01-03,2026-05-28,200.0,
KTEC,2022-01-03,2026-05-28,200.0,
KTOS,2022-01-03,2026-05-28,200.0,
KTTA,2022-01-03,2026-05-28,200.0,
KTTAW,,,,HTTP 400
KULR,2022-01-03,2026-05-28,200.0,
KURA,2022-01-03,2026-05-28,200.0,
KURE,2022-01-03,2026-05-28,200.0,
KUST,2022-01-03,2026-05-28,200.0,
KVHI,2022-01-03,2026-05-28,200.0,
KVUE,2023-05-04,2026-05-28,200.0,
KVYO,2023-09-20,2026-05-28,200.0,
KWT,2022-01-03,2026-05-28,200.0,
KWY,2022-01-03,2026-05-28,200.0,
KYMR,2022-01-03,2026-05-28,200.0,
KYN,2022-01-03,2026-05-28,200.0,
KYNB,2022-01-03,2026-05-28,200.0,
KYTX,2024-02-09,2026-05-28,200.0,
KZIA,2022-01-03,2026-05-28,200.0,
L,2022-01-03,2026-05-28,200.0,
LAB,2022-01-03,2026-05-28,200.0,
LAC,2023-10-02,2026-05-28,200.0,
LAD,2022-01-03,2026-05-28,200.0,
LADR,2022-01-03,2026-05-28,200.0,
LAES,2023-05-23,2026-05-28,200.0,
LAKE,2022-01-03,2026-05-28,200.0,
LAMR,2022-01-03,2026-05-28,200.0,
LAND,2022-01-03,2026-05-28,200.0,
LAR,2022-01-03,2026-05-28,200.0,
LARK,2022-01-03,2026-05-28,200.0,
LASE,2022-09-30,2026-05-28,200.0,
LASR,2022-01-03,2026-05-28,200.0,
LAUR,2022-01-03,2026-05-28,200.0,
LAW,2022-01-03,2026-05-28,200.0,
LAWR,2025-07-17,2026-05-28,200.0,
LAZ,2022-01-03,2026-05-28,200.0,
LAZRQ,,,,HTTP 404
LB,2024-06-28,2026-05-28,200.0,
LBRT,2022-01-03,2026-05-28,200.0,
LBRX,2025-09-11,2026-05-28,200.0,
LCID,2022-01-03,2026-05-28,200.0,
LCII,2022-01-03,2026-05-28,200.0,
LCLN,2026-05-20,2026-05-28,200.0,
LCNB,2022-01-03,2026-05-28,200.0,
LCTX,2022-01-03,2026-05-28,200.0,
LCUT,2022-01-03,2026-05-28,200.0,
LDI,2022-01-03,2026-05-28,200.0,
LDOS,2022-01-03,2026-05-28,200.0,
LE,2022-01-03,2026-05-28,200.0,
LEA,2022-01-03,2026-05-28,200.0,
LECO,2022-01-03,2026-05-28,200.0,
LEDS,2022-01-03,2026-05-28,200.0,
LEE,2022-01-03,2026-05-28,200.0,
LEG,2022-01-03,2026-05-28,200.0,
LEGH,2022-01-03,2026-05-28,200.0,
LEGN,2022-01-03,2026-05-28,200.0,
LEN,2022-01-03,2026-05-28,200.0,
LEN/B,2022-01-03,2026-05-28,200.0,
LENDX,2022-01-03,2026-05-28,200.0,
LENZ,2022-01-03,2026-05-28,200.0,
LESL,2022-01-03,2026-05-28,200.0,
LEU,2022-01-03,2026-05-28,200.0,
LEVI,2022-01-03,2026-05-28,200.0,
LFCR,2022-01-03,2026-05-28,200.0,
LFEQ,2022-01-03,2026-05-28,200.0,
LFMD,2022-01-03,2026-05-28,200.0,
LFST,2022-01-03,2026-05-28,200.0,
LFT,2022-01-03,2026-05-28,200.0,
LFTO,,,,HTTP 400
LFUS,2022-01-03,2026-05-28,200.0,
LFVN,2022-01-03,2026-05-28,200.0,
LFWD,2022-01-03,2026-05-28,200.0,
LGCL,2024-03-05,2026-05-28,200.0,
LGCY,2024-09-26,2026-05-28,200.0,
LGHL,2022-01-03,2026-05-28,200.0,
LGIH,2022-01-03,2026-05-28,200.0,
LGL,2022-01-03,2026-05-28,200.0,
LGMK,2022-01-03,2026-05-28,200.0,
LGN,2025-09-12,2026-05-28,200.0,
LGND,2022-01-03,2026-05-28,200.0,
LGO,2022-01-03,2026-05-28,200.0,
LGPS,2025-03-25,2026-05-28,200.0,
LGVN,2022-01-03,2026-05-28,200.0,
LH,2022-01-03,2026-05-28,200.0,
LHAI,2025-07-24,2026-05-28,200.0,
LHX,2022-01-03,2026-05-28,200.0,
LI,2022-01-03,2026-05-28,200.0,
LIANY,2022-01-03,2026-05-28,200.0,
LIDR,2022-01-03,2026-05-28,200.0,
LIEN,2022-02-04,2026-05-28,200.0,
LIF,2024-06-06,2026-05-28,200.0,
LIFE,2026-01-29,2026-05-28,200.0,
LII,2022-01-03,2026-05-28,200.0,
LIN,2022-01-03,2026-05-28,200.0,
LINC,2022-01-03,2026-05-28,200.0,
LIND,2022-01-03,2026-05-28,200.0,
LINE,2024-07-25,2026-05-28,200.0,
LINK,2022-01-03,2026-05-28,200.0,
LION,2022-03-01,2026-05-28,200.0,
LIPO,2022-12-20,2026-05-28,200.0,
LIQT,2022-01-03,2026-05-28,200.0,
LITB,2022-01-03,2026-05-28,200.0,
LITE,2022-01-03,2026-05-28,200.0,
LITP,2023-02-02,2026-05-28,200.0,
LITS,2022-01-03,2026-05-28,200.0,
LIVE,2022-01-03,2026-05-28,200.0,
LIVN,2022-01-03,2026-05-28,200.0,
LKFN,2022-01-03,2026-05-28,200.0,
LKFT,2022-01-03,2026-05-28,200.0,
LKQ,2022-01-03,2026-05-28,200.0,
LLY,2022-01-03,2026-05-28,200.0,
LLYVA,2023-08-04,2026-05-28,200.0,
LMAT,2022-01-03,2026-05-28,200.0,
LMB,2022-01-03,2026-05-28,200.0,
LMND,2022-01-03,2026-05-28,200.0,
LMNR,2022-01-03,2026-05-28,200.0,
LMRI,2025-12-11,2026-05-28,200.0,
LMT,2022-01-03,2026-05-28,200.0,
LNAI,2022-01-03,2026-05-28,200.0,
LNC,2022-01-03,2026-05-28,200.0,
LNG,2022-01-03,2026-05-28,200.0,
LNKB,,,,HTTP 404
LNKS,2024-12-05,2026-05-28,200.0,
LNN,2022-01-03,2026-05-28,200.0,
LNSR,2022-01-03,2026-05-28,200.0,
LNT,2022-01-03,2026-05-28,200.0,
LNTH,2022-01-03,2026-05-28,200.0,
LNWO,2022-01-03,2026-05-28,200.0,
LNZA,2022-01-03,2026-05-28,200.0,
LNZAW,,,,HTTP 400
LOAN,2022-01-03,2026-05-28,200.0,
LOAR,2024-04-25,2026-05-28,200.0,
LOB,2022-01-03,2026-05-28,200.0,
LOCL,2022-01-03,2026-05-28,200.0,
LOCLW,,,,HTTP 400
LOCO,2022-01-03,2026-05-28,200.0,
LODE,2022-01-03,2026-05-28,200.0,
LOGO,2025-05-28,2026-05-28,200.0,
LOMA,2022-01-03,2026-05-28,200.0,
LONA,2022-01-03,2026-05-28,200.0,
LOOP,2022-01-03,2026-05-28,200.0,
LOPE,2022-01-03,2026-05-28,200.0,
LOT,2022-01-03,2026-05-28,200.0,
LOVE,2022-01-03,2026-05-28,200.0,
LPA,2024-03-28,2026-05-28,200.0,
LPCN,2022-01-03,2026-05-28,200.0,
LPG,2022-01-03,2026-05-28,200.0,
LPL,2022-01-03,2026-05-28,200.0,
LPLA,2022-01-03,2026-05-28,200.0,
LPSN,2022-01-03,2026-05-28,200.0,
LPTH,2022-01-03,2026-05-28,200.0,
LPTVQ,2022-01-03,2026-05-28,200.0,
LPX,2022-01-03,2026-05-28,200.0,
LQDA,2022-01-03,2026-05-28,200.0,
LQDT,2022-01-03,2026-05-28,200.0,
LRCX,2022-01-03,2026-05-28,200.0,
LRE,2023-09-27,2026-05-28,200.0,
LRHC,2023-10-09,2026-05-28,200.0,
LRMR,2022-01-03,2026-05-28,200.0,
LRN,2022-01-03,2026-05-28,200.0,
LSAK,2022-01-03,2026-05-28,200.0,
LSBK,2022-01-03,2026-05-28,200.0,
LSCC,2022-01-03,2026-05-28,200.0,
LSDIF,2023-02-09,2026-05-28,200.0,
LSEA,,,,HTTP 404
LSF,2022-01-03,2026-05-28,200.0,
LSGR,2023-06-29,2026-05-28,200.0,
LSPD,2022-01-03,2026-05-28,200.0,
LSTA,2022-01-03,2026-05-28,200.0,
LSTB,,,,HTTP 400
LSTR,2022-01-03,2026-05-28,200.0,
LSVD,2025-04-24,2026-05-28,200.0,
LTBR,2022-01-03,2026-05-28,200.0,
LTC,2022-01-03,2026-05-28,200.0,
LTH,2022-01-03,2026-05-28,200.0,
LTM,2024-07-25,2026-05-28,200.0,
LTPZ,2022-01-03,2026-05-28,200.0,
LTRN,2022-01-03,2026-05-28,200.0,
LTRX,2022-01-03,2026-05-28,200.0,
LTRYW,,,,HTTP 400
LU,2022-01-03,2026-05-28,200.0,
LUCD,2022-01-03,2026-05-28,200.0,
LUCK,2022-01-03,2026-05-28,200.0,
LUCY,2022-08-15,2026-05-28,200.0,
LUCYW,2022-08-15,2026-05-28,200.0,
LUD,2025-02-27,2026-05-28,200.0,
LULU,2022-01-03,2026-05-28,200.0,
LUMN,2022-01-03,2026-05-28,200.0,
LUNA,2022-01-03,2026-05-28,200.0,
LUNG,2022-01-03,2026-05-28,200.0,
LUNR,2022-01-03,2026-05-28,200.0,
LUV,2022-01-03,2026-05-28,200.0,
LUXE,2022-01-03,2026-05-28,200.0,
LUXHQ,2025-09-12,2026-05-28,200.0,
LVLU,2022-01-03,2026-05-28,200.0,
LVO,2022-01-03,2026-05-28,200.0,
LVS,2022-01-03,2026-05-28,200.0,
LVWR,2022-01-03,2026-05-28,200.0,
LVWR/WS,,,,HTTP 404
LW,2022-01-03,2026-05-28,200.0,
LWAY,2022-01-03,2026-05-28,200.0,
LWLG,2022-01-03,2026-05-28,200.0,
LX,2022-01-03,2026-05-28,200.0,
LXEO,2023-11-03,2026-05-28,200.0,
LXP,2022-01-03,2026-05-28,200.0,
LXRX,2022-01-03,2026-05-28,200.0,
LXU,2022-01-03,2026-05-28,200.0,
LYEL,2022-01-03,2026-05-28,200.0,
LYFT,2022-01-03,2026-05-28,200.0,
LYG,2022-01-03,2026-05-28,200.0,
LYRA,2022-01-03,2026-05-28,200.0,
LYTS,2022-01-03,2026-05-28,200.0,
LYV,2022-01-03,2026-05-28,200.0,
LZ,2022-01-03,2026-05-28,200.0,
LZB,2022-01-03,2026-05-28,200.0,
M,2022-01-03,2026-05-28,200.0,
MA,2022-01-03,2026-05-28,200.0,
MAA,2022-01-03,2026-05-28,200.0,
MAAS,2022-01-03,2026-05-28,200.0,
MAC,2022-01-03,2026-05-28,200.0,
MADE,2024-07-18,2026-05-28,200.0,
MAGN,2022-01-03,2026-05-28,200.0,
MAIA,2022-07-28,2026-05-28,200.0,
MAIN,2022-01-03,2026-05-28,200.0,
MAIR,2026-04-16,2026-05-28,200.0,
MAKO,2022-01-03,2026-05-28,200.0,
MAMA,2022-01-03,2026-05-28,200.0,
MAMO,2024-04-02,2026-05-28,200.0,
MAN,2022-01-03,2026-05-28,200.0,
MANE,2026-02-04,2026-05-28,200.0,
MANH,2022-01-03,2026-05-28,200.0,
MAPS,2022-01-03,2026-05-28,200.0,
MAR,2022-01-03,2026-05-28,200.0,
MARA,2022-01-03,2026-05-28,200.0,
MARPS,2022-01-03,2026-05-28,200.0,
MAS,2022-01-03,2026-05-28,200.0,
MASK,2025-01-08,2026-05-28,200.0,
MASS,2022-01-03,2026-05-28,200.0,
MAT,2022-01-03,2026-05-28,200.0,
MATV,2022-01-03,2026-05-28,200.0,
MATW,2022-01-03,2026-05-28,200.0,
MATX,2022-01-03,2026-05-28,200.0,
MAX,2022-01-03,2026-05-28,200.0,
MAXNQ,2022-01-03,2026-05-28,200.0,
MAYS,2022-01-03,2026-05-28,200.0,
MAZE,2025-01-31,2026-05-28,200.0,
MB,2025-04-10,2026-05-28,200.0,
MBAI,2022-01-03,2026-05-28,200.0,
MBB,2022-01-03,2026-05-28,200.0,
MBBC,2022-01-03,2026-05-28,200.0,
MBC,2022-12-09,2026-05-28,200.0,
MBCN,,,,HTTP 404
MBGL,,,,HTTP 400
MBI,2022-01-03,2026-05-28,200.0,
MBIN,2022-01-03,2026-05-28,200.0,
MBIO,2022-01-03,2026-05-28,200.0,
MBLY,2022-10-26,2026-05-28,200.0,
MBOT,2022-01-03,2026-05-28,200.0,
MBRX,2022-01-03,2026-05-28,200.0,
MBSX,2025-05-01,2026-05-28,200.0,
MBUU,2022-01-03,2026-05-28,200.0,
MBWM,2022-01-03,2026-05-28,200.0,
MBX,2024-09-13,2026-05-28,200.0,
MC,2022-01-03,2026-05-28,200.0,
MCAGR,,,200.0,
MCB,2022-01-03,2026-05-28,200.0,
MCBS,2022-01-03,2026-05-28,200.0,
MCD,2022-01-03,2026-05-28,200.0,
MCFT,2022-01-03,2026-05-28,200.0,
MCH,2022-07-14,2026-05-28,200.0,
MCHB,2022-01-03,2026-05-28,200.0,
MCHI,2022-01-03,2026-05-28,200.0,
MCHP,2022-01-03,2026-05-28,200.0,
MCHX,2022-01-03,2026-05-28,200.0,
MCI,2022-01-03,2026-05-28,200.0,
MCK,2022-01-03,2026-05-28,200.0,
MCRB,2022-01-03,2026-05-28,200.0,
MCRI,2022-01-03,2026-05-28,200.0,
MCRP,2025-03-07,2026-05-28,200.0,
MCS,2022-01-03,2026-05-28,200.0,
MCY,2022-01-03,2026-05-28,200.0,
MD,2022-01-03,2026-05-28,200.0,
MDA,2026-03-12,2026-05-28,200.0,
MDAI,2022-01-03,2026-05-28,200.0,
MDB,2022-01-03,2026-05-28,200.0,
MDBH,2023-09-21,2026-05-28,200.0,
MDCX,2024-11-14,2026-05-28,200.0,
MDGL,2022-01-03,2026-05-28,200.0,
MDLN,2025-12-17,2026-05-28,200.0,
MDLZ,2022-01-03,2026-05-28,200.0,
MDNAF,2022-01-03,2026-05-28,200.0,
MDRX,2022-01-03,2026-05-28,200.0,
MDT,2022-01-03,2026-05-28,200.0,
MDU,2022-01-03,2026-05-28,200.0,
MDWD,2022-01-03,2026-05-28,200.0,
MDXG,2022-01-03,2026-05-28,200.0,
MDXH,2022-01-03,2026-05-28,200.0,
MEC,2022-01-03,2026-05-28,200.0,
MED,2022-01-03,2026-05-28,200.0,
MEDI,2022-11-17,2026-05-28,200.0,
MEDP,2022-01-03,2026-05-28,200.0,
MEGL,2022-08-05,2026-05-28,200.0,
MEHA,2025-11-05,2026-05-28,200.0,
MEI,2022-01-03,2026-05-28,200.0,
MELI,2022-01-03,2026-05-28,200.0,
MEME,2025-10-08,2026-05-28,200.0,
MENS,2025-06-17,2026-05-28,200.0,
MEOH,2022-01-03,2026-05-28,200.0,
MERC,2022-01-03,2026-05-28,200.0,
MET,2022-01-03,2026-05-28,200.0,
META,2022-01-03,2026-05-28,200.0,
METC,2022-01-03,2026-05-28,200.0,
METCB,2023-06-16,2026-05-28,200.0,
METV,2022-01-03,2026-05-28,200.0,
MFA,2022-01-03,2026-05-28,200.0,
MFC,2022-01-03,2026-05-28,200.0,
MFG,2022-01-03,2026-05-28,200.0,
MFIC,2022-01-03,2026-05-28,200.0,
MFLTY,2022-01-03,2026-05-28,200.0,
MG,2022-01-03,2026-05-28,200.0,
MGA,2022-01-03,2026-05-28,200.0,
MGAM,2022-07-29,2026-05-28,200.0,
MGEE,2022-01-03,2026-05-28,200.0,
MGLD,2022-03-14,2026-05-28,200.0,
MGM,2022-01-03,2026-05-28,200.0,
MGNI,2022-01-03,2026-05-28,200.0,
MGNX,2022-01-03,2026-05-28,200.0,
MGPI,2022-01-03,2026-05-28,200.0,
MGRC,2022-01-03,2026-05-28,200.0,
MGRX,2023-03-21,2026-05-28,200.0,
MGX,2024-02-09,2026-05-28,200.0,
MGY,2022-01-03,2026-05-28,200.0,
MGYR,2022-01-03,2026-05-28,200.0,
MH,2025-07-24,2026-05-28,200.0,
MHH,2022-01-03,2026-05-28,200.0,
MHK,2022-01-03,2026-05-28,200.0,
MHO,2022-01-03,2026-05-28,200.0,
MI,2022-01-03,2026-05-28,200.0,
MIAX,2025-08-14,2026-05-28,200.0,
MICC,2025-12-08,2026-05-28,200.0,
MIDD,2022-01-03,2026-05-28,200.0,
MIND,2022-01-03,2026-05-28,200.0,
MIR,2022-01-03,2026-05-28,200.0,
MIRA,2023-08-03,2026-05-28,200.0,
MIRM,2022-01-03,2026-05-28,200.0,
MIST,2022-01-03,2026-05-28,200.0,
MITK,2022-01-03,2026-05-28,200.0,
MITQ,2022-01-03,2026-05-28,200.0,
MITT,2022-01-03,2026-05-28,200.0,
MKC,2022-01-03,2026-05-28,200.0,
MKC/V,2022-01-03,2026-05-28,200.0,
MKL,2022-01-03,2026-05-28,200.0,
MKOR,2023-07-17,2026-05-28,200.0,
MKSI,2022-01-03,2026-05-28,200.0,
MKTW,2022-01-03,2026-05-28,200.0,
MKTX,2022-01-03,2026-05-28,200.0,
MKZR,2024-07-09,2026-05-28,200.0,
MLAB,2022-01-03,2026-05-28,200.0,
MLCI,2022-01-03,2026-05-28,200.0,
MLCO,2022-01-03,2026-05-28,200.0,
MLI,2022-01-03,2026-05-28,200.0,
MLKN,2022-01-03,2026-05-28,200.0,
MLM,2022-01-03,2026-05-28,200.0,
MLN,2022-01-03,2026-05-28,200.0,
MLP,2022-01-03,2026-05-28,200.0,
MLR,2022-01-03,2026-05-28,200.0,
MLSS,2022-01-03,2026-05-28,200.0,
MLTX,2022-01-03,2026-05-28,200.0,
MLYS,2023-02-10,2026-05-28,200.0,
MMA,2024-03-28,2026-05-28,200.0,
MMED,2026-03-06,2026-05-28,200.0,
MMI,2022-01-03,2026-05-28,200.0,
MMLP,2022-01-03,2026-05-28,200.0,
MMM,2022-01-03,2026-05-28,200.0,
MMS,2022-01-03,2026-05-28,200.0,
MMSI,2022-01-03,2026-05-28,200.0,
MNDR,2024-04-10,2026-05-28,200.0,
MNDY,2022-01-03,2026-05-28,200.0,
MNKD,2022-01-03,2026-05-28,200.0,
MNOV,2022-01-03,2026-05-28,200.0,
MNPR,2022-01-03,2026-05-28,200.0,
MNR,2023-10-25,2026-05-28,200.0,
MNRO,2022-01-03,2026-05-28,200.0,
MNRS,2025-01-30,2026-05-28,200.0,
MNSB,2022-01-03,2026-05-28,200.0,
MNSO,2022-01-03,2026-05-28,200.0,
MNST,2022-01-03,2026-05-28,200.0,
MNTK,2022-01-03,2026-05-28,200.0,
MNTN,2025-05-22,2026-05-28,200.0,
MNTS,2022-01-03,2026-05-28,200.0,
MO,2022-01-03,2026-05-28,200.0,
MOBBW,,,,HTTP 400
MOBI,2026-05-08,2026-05-28,200.0,
MOBQW,,,200.0,
MOBX,2022-01-03,2026-05-28,200.0,
MOD,2022-01-03,2026-05-28,200.0,
MODD,2022-02-10,2026-05-28,200.0,
MOG/A,2022-01-03,2026-05-28,200.0,
MOG/B,2022-01-03,2026-05-28,200.0,
MOGU,2022-01-03,2026-05-28,200.0,
MOH,2022-01-03,2026-05-28,200.0,
MOLN,2022-01-03,2026-05-28,200.0,
MOMO,2022-01-03,2026-05-28,200.0,
MOO,2022-01-03,2026-05-28,200.0,
MORN,2022-01-03,2026-05-28,200.0,
MORT,2022-01-03,2026-05-28,200.0,
MOS,2022-01-03,2026-05-28,200.0,
MOV,2022-01-03,2026-05-28,200.0,
MOVE,2022-01-03,2026-05-28,200.0,
MP,2022-01-03,2026-05-28,200.0,
MPAA,2022-01-03,2026-05-28,200.0,
MPB,2022-01-03,2026-05-28,200.0,
MPC,2022-01-03,2026-05-28,200.0,
MPLT,2025-10-27,2026-05-28,200.0,
MPLX,2022-01-03,2026-05-28,200.0,
MPT,2022-01-03,2026-05-28,200.0,
MPTI,2022-10-03,2026-05-28,200.0,
MPU,2022-01-03,2026-05-28,200.0,
MPV,2022-01-03,2026-05-28,200.0,
MPWR,2022-01-03,2026-05-28,200.0,
MQ,2022-01-03,2026-05-28,200.0,
MRAL,2025-03-07,2026-05-28,200.0,
MRAM,2022-01-03,2026-05-28,200.0,
MRBK,2022-01-03,2026-05-28,200.0,
MRCY,2022-01-03,2026-05-28,200.0,
MRDN,2022-01-03,2026-05-28,200.0,
MREO,2022-01-03,2026-05-28,200.0,
MRGR,2022-01-03,2026-05-28,200.0,
MRK,2022-01-03,2026-05-28,200.0,
MRKR,2022-01-03,2026-05-28,200.0,
MRLN,2024-12-02,2026-05-28,200.0,
MRM,2022-01-03,2026-05-28,200.0,
MRNA,2022-01-03,2026-05-28,200.0,
MRSH,2022-01-03,2026-05-28,200.0,
MRSN,,,,HTTP 404
MRT,2022-01-03,2026-05-28,200.0,
MRTN,2022-01-03,2026-05-28,200.0,
MRVI,2022-01-03,2026-05-28,200.0,
MRVL,2022-01-03,2026-05-28,200.0,
MS,2022-01-03,2026-05-28,200.0,
MSA,2022-01-03,2026-05-28,200.0,
MSAIW,,,,HTTP 400
MSB,2022-01-03,2026-05-28,200.0,
MSBI,2022-01-03,2026-05-28,200.0,
MSBT,2026-04-06,2026-05-28,200.0,
MSC,2022-01-03,2026-05-28,200.0,
MSCI,2022-01-03,2026-05-28,200.0,
MSDL,2024-01-24,2026-05-28,200.0,
MSEX,2022-01-03,2026-05-28,200.0,
MSFT,2022-01-03,2026-05-28,200.0,
MSGE,2023-04-17,2026-05-28,200.0,
MSGM,2022-01-03,2026-05-28,200.0,
MSGS,2022-01-03,2026-05-28,200.0,
MSI,2022-01-03,2026-05-28,200.0,
MSIF,2025-01-29,2026-05-28,200.0,
MSLE,2022-01-03,2026-05-28,200.0,
MSM,2022-01-03,2026-05-28,200.0,
MSN,2022-01-03,2026-05-28,200.0,
MSPR,2022-05-24,2026-05-28,200.0,
MSS,2023-10-05,2026-05-28,200.0,
MSTP,2025-06-10,2026-05-28,200.0,
MSTR,2022-01-03,2026-05-28,200.0,
MTB,2022-01-03,2026-05-28,200.0,
MTBA,2023-11-07,2026-05-28,200.0,
MTC,2022-01-03,2026-05-28,200.0,
MTCH,2022-01-03,2026-05-28,200.0,
MTD,2022-01-03,2026-05-28,200.0,
MTDR,2022-01-03,2026-05-28,200.0,
MTEX,2022-01-03,2026-05-28,200.0,
MTG,2022-01-03,2026-05-28,200.0,
MTH,2022-01-03,2026-05-28,200.0,
MTLS,2022-01-03,2026-05-28,200.0,
MTN,2022-01-03,2026-05-28,200.0,
MTNB,2022-01-03,2026-05-28,200.0,
MTR,2022-01-03,2026-05-28,200.0,
MTRN,2022-01-03,2026-05-28,200.0,
MTRX,2022-01-03,2026-05-28,200.0,
MTSI,2022-01-03,2026-05-28,200.0,
MTUS,2022-01-03,2026-05-28,200.0,
MTVA,2022-01-03,2026-05-28,200.0,
MTW,2022-01-03,2026-05-28,200.0,
MTX,2022-01-03,2026-05-28,200.0,
MTZ,2022-01-03,2026-05-28,200.0,
MU,2022-01-03,2026-05-28,200.0,
MUFG,2022-01-03,2026-05-28,200.0,
MUR,2022-01-03,2026-05-28,200.0,
MUSA,2022-01-03,2026-05-28,200.0,
MUX,2022-01-03,2026-05-28,200.0,
MVBF,2022-01-03,2026-05-28,200.0,
MVFD,2024-03-07,2026-05-28,200.0,
MVLA,2023-02-13,2026-05-28,200.0,
MVLL,2025-03-07,2026-05-28,200.0,
MVST,2022-01-03,2026-05-28,200.0,
MWA,2022-01-03,2026-05-28,200.0,
MWC,2026-05-14,2026-05-28,200.0,
MWG,2023-04-03,2026-05-28,200.0,
MWH,2026-02-12,2026-05-28,200.0,
MWYN,2025-03-13,2026-05-28,200.0,
MX,2022-01-03,2026-05-28,200.0,
MXC,2022-01-03,2026-05-28,200.0,
MXCT,2022-01-03,2026-05-28,200.0,
MXL,2022-01-03,2026-05-28,200.0,
MYE,2022-01-03,2026-05-28,200.0,
MYFW,2022-01-03,2026-05-28,200.0,
MYGN,2022-01-03,2026-05-28,200.0,
MYNAY,,,,HTTP 404
MYND,2022-01-03,2026-05-28,200.0,
MYO,2022-01-03,2026-05-28,200.0,
MYPS,2022-01-03,2026-05-28,200.0,
MYRG,2022-01-03,2026-05-28,200.0,
MYSZ,2022-01-03,2026-05-28,200.0,
MZTI,2022-01-03,2026-05-28,200.0,
NAAS,2022-01-03,2026-05-28,200.0,
NABL,2022-01-03,2026-05-28,200.0,
NAGE,2022-01-03,2026-05-28,200.0,
NAII,2022-01-03,2026-05-28,200.0,
NAK,2022-01-03,2026-05-28,200.0,
NAKA,2024-05-31,2026-05-28,200.0,
NAT,2022-01-03,2026-05-28,200.0,
NATH,2022-01-03,2026-05-28,200.0,
NATL,2023-10-11,2026-05-28,200.0,
NATR,2022-01-03,2026-05-28,200.0,
NAUT,2022-01-03,2026-05-28,200.0,
NAVI,2022-01-03,2026-05-28,200.0,
NAVN,2025-10-30,2026-05-28,200.0,
NB,2023-03-21,2026-05-28,200.0,
NBBK,2023-12-28,2026-05-28,200.0,
NBDS,2022-04-07,2026-05-28,200.0,
NBHC,2022-01-03,2026-05-28,200.0,
NBIS,2024-10-21,2026-05-28,200.0,
NBIX,2022-01-03,2026-05-28,200.0,
NBJP,2024-09-12,2026-05-28,200.0,
NBP,2022-01-03,2026-05-28,200.0,
NBR,2022-01-03,2026-05-28,200.0,
NBTB,2022-01-03,2026-05-28,200.0,
NC,2022-01-03,2026-05-28,200.0,
NCDL,2024-01-25,2026-05-28,200.0,
NCL,2023-10-19,2026-05-28,200.0,
NCLH,2022-01-03,2026-05-28,200.0,
NCMI,2022-01-03,2026-05-28,200.0,
NCNA,2022-01-03,2026-05-28,200.0,
NCNO,2022-01-03,2026-05-28,200.0,
NCPB,2024-03-06,2026-05-28,200.0,
NCRA,2022-01-03,2026-05-28,200.0,
NCSM,2022-01-03,2026-05-28,200.0,
NCT,2025-03-28,2026-05-28,200.0,
NCTY,2022-01-03,2026-05-28,200.0,
NDAQ,2022-01-03,2026-05-28,200.0,
NDIA,2023-08-18,2026-05-28,200.0,
NDLS,2022-01-03,2026-05-28,200.0,
NDMO,2022-01-03,2026-05-28,200.0,
NDRA,2022-01-03,2026-05-28,200.0,
NDSN,2022-01-03,2026-05-28,200.0,
NEE,2022-01-03,2026-05-28,200.0,
NEGG,2022-01-03,2026-05-28,200.0,
NEM,2022-01-03,2026-05-28,200.0,
NEO,2022-01-03,2026-05-28,200.0,
NEOG,2022-01-03,2026-05-28,200.0,
NEON,2022-01-03,2026-05-28,200.0,
NEOV,2022-01-03,2026-05-28,200.0,
NEOVW,,,,HTTP 400
NEPH,2022-01-03,2026-05-28,200.0,
NEPTF,2022-01-03,2026-05-28,200.0,
NERD,2022-01-03,2026-05-28,200.0,
NERV,2022-01-03,2026-05-28,200.0,
NESR,2024-07-09,2026-05-28,200.0,
NET,2022-01-03,2026-05-28,200.0,
NEU,2022-01-03,2026-05-28,200.0,
NEUP,2022-01-03,2026-05-28,200.0,
NEWP,2022-01-03,2026-05-28,200.0,
NEWT,2022-01-03,2026-05-28,200.0,
NEXM,2022-01-03,2026-05-28,200.0,
NEXN,2022-01-03,2026-05-28,200.0,
NEXT,2022-01-03,2026-05-28,200.0,
NFE,2022-01-03,2026-05-28,200.0,
NFG,2022-01-03,2026-05-28,200.0,
NFGC,2022-01-03,2026-05-28,200.0,
NFLT,2022-01-03,2026-05-28,200.0,
NFLX,2022-01-03,2026-05-28,200.0,
NFLY,2023-08-08,2026-05-28,200.0,
NG,2022-01-03,2026-05-28,200.0,
NGG,2022-01-03,2026-05-28,200.0,
NGL,2022-01-03,2026-05-28,200.0,
NGNE,2022-01-03,2026-05-28,200.0,
NGS,2022-01-03,2026-05-28,200.0,
NGVC,2022-01-03,2026-05-28,200.0,
NGVT,2022-01-03,2026-05-28,200.0,
NHC,2022-01-03,2026-05-28,200.0,
NHP,2026-04-22,2026-05-28,200.0,
NHTC,2022-01-03,2026-05-28,200.0,
NI,2022-01-03,2026-05-28,200.0,
NIC,2022-01-03,2026-05-28,200.0,
NICE,2022-01-03,2026-05-28,200.0,
NICM,2026-04-14,2026-05-28,200.0,
NINE,2026-03-31,2026-05-28,200.0,
NIO,2022-01-03,2026-05-28,200.0,
NIPG,2024-07-26,2026-05-28,200.0,
NIQ,2025-07-23,2026-05-28,200.0,
NIU,2022-01-03,2026-05-28,200.0,
NIXX,2022-01-03,2026-05-28,200.0,
NJR,2022-01-03,2026-05-28,200.0,
NKE,2022-01-03,2026-05-28,200.0,
NKGN,2022-01-03,2026-05-28,200.0,
NKLR,2025-10-06,2026-05-28,200.0,
NKSH,2022-01-03,2026-05-28,200.0,
NKTR,2022-01-03,2026-05-28,200.0,
NKTX,2022-01-03,2026-05-28,200.0,
NL,2022-01-03,2026-05-28,200.0,
NLOP,2023-10-27,2026-05-28,200.0,
NLY,2022-01-03,2026-05-28,200.0,
NMAD,2022-01-03,2026-05-28,200.0,
NMAX,2025-03-31,2026-05-28,200.0,
NMFC,2022-01-03,2026-05-28,200.0,
NMG,2022-01-03,2026-05-28,200.0,
NMHIW,,,200.0,
NMIH,2022-01-03,2026-05-28,200.0,
NMM,2022-01-03,2026-05-28,200.0,
NMR,2022-01-03,2026-05-28,200.0,
NMRA,2023-09-14,2026-05-28,200.0,
NMRK,2022-01-03,2026-05-28,200.0,
NMTC,2022-01-03,2026-05-28,200.0,
NNBR,2022-01-03,2026-05-28,200.0,
NNDM,2022-01-03,2026-05-28,200.0,
NNE,2024-05-08,2026-05-28,200.0,
NNI,2022-01-03,2026-05-28,200.0,
NNN,2022-01-03,2026-05-28,200.0,
NNOX,2022-01-03,2026-05-28,200.0,
NNVC,2022-01-03,2026-05-28,200.0,
NOA,2022-01-03,2026-05-28,200.0,
NOAH,2022-01-03,2026-05-28,200.0,
NOC,2022-01-03,2026-05-28,200.0,
NODE,2025-05-14,2026-05-28,200.0,
NOG,2022-01-03,2026-05-28,200.0,
NOK,2022-01-03,2026-05-28,200.0,
NOMA,2025-11-03,2026-05-28,200.0,
NOMD,2022-01-03,2026-05-28,200.0,
NORW,2022-01-03,2026-05-28,200.0,
NOTEW,,,,HTTP 404
NOV,2022-01-03,2026-05-28,200.0,
NOVT,2022-01-03,2026-05-28,200.0,
NOW,2022-01-03,2026-05-28,200.0,
NP,2025-10-01,2026-05-28,200.0,
NPB,2025-02-18,2026-05-28,200.0,
NPCE,2022-01-03,2026-05-28,200.0,
NPK,2022-01-03,2026-05-28,200.0,
NPKI,2022-01-03,2026-05-28,200.0,
NPO,2022-01-03,2026-05-28,200.0,
NPWR,2022-01-03,2026-05-28,200.0,
NPWR/WS,,,,HTTP 404
NRC,2022-01-03,2026-05-28,200.0,
NRDS,2022-01-03,2026-05-28,200.0,
NREF,2022-01-03,2026-05-28,200.0,
NRG,2022-01-03,2026-05-28,200.0,
NRGV,2022-01-03,2026-05-28,200.0,
NRIM,2022-01-03,2026-05-28,200.0,
NRIX,2022-01-03,2026-05-28,200.0,
NRP,2022-01-03,2026-05-28,200.0,
NRT,2022-01-03,2026-05-28,200.0,
NRXP,2022-01-03,2026-05-28,200.0,
NRXS,2023-08-09,2026-05-28,200.0,
NSC,2022-01-03,2026-05-28,200.0,
NSIT,2022-01-03,2026-05-28,200.0,
NSLR,2022-01-03,2026-05-28,200.0,
NSP,2022-01-03,2026-05-28,200.0,
NSPR,2022-01-03,2026-05-28,200.0,
NSRX,2025-08-13,2026-05-28,200.0,
NSSC,2022-01-03,2026-05-28,200.0,
NSTS,2022-01-19,2026-05-28,200.0,
NSYS,2022-01-03,2026-05-28,200.0,
NTAP,2022-01-03,2026-05-28,200.0,
NTCL,2024-12-13,2026-05-28,200.0,
NTGR,2022-01-03,2026-05-28,200.0,
NTHI,2025-03-26,2026-05-28,200.0,
NTIC,2022-01-03,2026-05-28,200.0,
NTIP,2022-01-03,2026-05-28,200.0,
NTLA,2022-01-03,2026-05-28,200.0,
NTNX,2022-01-03,2026-05-28,200.0,
NTR,2022-01-03,2026-05-28,200.0,
NTRA,2022-01-03,2026-05-28,200.0,
NTRB,2022-01-03,2026-05-28,200.0,
NTRBW,2022-01-03,2026-05-28,200.0,
NTRP,2022-01-03,2026-05-28,200.0,
NTRS,2022-01-03,2026-05-28,200.0,
NTSE,2022-01-03,2026-05-28,200.0,
NTSK,2025-09-18,2026-05-28,200.0,
NTST,2022-01-03,2026-05-28,200.0,
NTWK,2022-01-03,2026-05-28,200.0,
NTZ,2022-01-03,2026-05-28,200.0,
NUAI,2022-01-06,2026-05-28,200.0,
NUBD,2022-01-03,2026-05-28,200.0,
NUCL,2026-02-25,2026-05-28,200.0,
NUDG,,,,HTTP 400
NUDV,2022-01-03,2026-05-28,200.0,
NUE,2022-01-03,2026-05-28,200.0,
NULC,2022-01-03,2026-05-28,200.0,
NUMI,2025-01-23,2026-05-28,200.0,
NUS,2022-01-03,2026-05-28,200.0,
NUTR,2025-08-15,2026-05-28,200.0,
NUTX,2022-04-04,2026-05-28,200.0,
NUVB,2022-01-03,2026-05-28,200.0,
NUWE,2022-01-03,2026-05-28,200.0,
NVAX,2022-01-03,2026-05-28,200.0,
NVCR,2022-01-03,2026-05-28,200.0,
NVCT,2022-02-04,2026-05-28,200.0,
NVDA,2022-01-03,2026-05-28,200.0,
NVDB,2025-09-10,2026-05-28,200.0,
NVDG,2024-12-13,2026-05-28,200.0,
NVDY,2023-05-11,2026-05-28,200.0,
NVEC,2022-01-03,2026-05-28,200.0,
NVMI,2022-01-03,2026-05-28,200.0,
NVNO,2022-01-03,2026-05-28,200.0,
NVO,2022-01-03,2026-05-28,200.0,
NVOS,2022-01-03,2026-05-28,200.0,
NVOX,2024-12-03,2026-05-28,200.0,
NVR,2022-01-03,2026-05-28,200.0,
NVRI,2022-01-03,2026-05-28,200.0,
NVS,2022-01-03,2026-05-28,200.0,
NVST,2022-01-03,2026-05-28,200.0,
NVTS,2022-01-03,2026-05-28,200.0,
NVVE,2022-01-03,2026-05-28,200.0,
NVX,2022-02-02,2026-05-28,200.0,
NWBI,2022-01-03,2026-05-28,200.0,
NWE,2022-01-03,2026-05-28,200.0,
NWFL,2022-01-03,2026-05-28,200.0,
NWG,2022-01-03,2026-05-28,200.0,
NWGL,2023-09-12,2026-05-28,200.0,
NWL,2022-01-03,2026-05-28,200.0,
NWN,2022-01-03,2026-05-28,200.0,
NWPX,2022-01-03,2026-05-28,200.0,
NWS,2022-01-03,2026-05-28,200.0,
NWSA,2022-01-03,2026-05-28,200.0,
NWTG,2023-08-15,2026-05-28,200.0,
NX,2022-01-03,2026-05-28,200.0,
NXB,2025-11-13,2026-05-28,200.0,
NXDR,2022-01-03,2026-05-28,200.0,
NXDT,2022-01-03,2026-05-28,200.0,
NXE,2022-01-03,2026-05-28,200.0,
NXGL,2022-01-03,2026-05-28,200.0,
NXH,2022-01-03,2026-05-28,200.0,
NXL,2022-09-16,2026-05-28,200.0,
NXPI,2022-01-03,2026-05-28,200.0,
NXPL,2022-01-03,2026-05-28,200.0,
NXRT,2022-01-03,2026-05-28,200.0,
NXST,2022-01-03,2026-05-28,200.0,
NXT,2023-02-09,2026-05-28,200.0,
NXTC,2022-01-03,2026-05-28,200.0,
NXTE,2022-09-29,2026-05-28,200.0,
NXTG,2022-01-03,2026-05-28,200.0,
NXTP,2022-01-03,2026-05-28,200.0,
NXTT,2022-07-19,2026-05-28,200.0,
NXXT,2022-01-03,2026-05-28,200.0,
NYAX,2022-09-21,2026-05-28,200.0,
NYC,2022-01-03,2026-05-28,200.0,
NYT,2022-01-03,2026-05-28,200.0,
O,2022-01-03,2026-05-28,200.0,
OABI,2022-01-03,2026-05-28,200.0,
OABIW,,,,HTTP 400
OAIM,2022-09-16,2026-05-28,200.0,
OBDC,2022-01-03,2026-05-28,200.0,
OBE,2022-01-03,2026-05-28,200.0,
OBK,2022-01-03,2026-05-28,200.0,
OBT,2022-01-03,2026-05-28,200.0,
OBTC,2022-01-03,2026-05-28,200.0,
OC,2022-01-03,2026-05-28,200.0,
OCC,2022-01-03,2026-05-28,200.0,
OCCI,2022-01-03,2026-05-28,200.0,
OCEA,2023-02-15,2026-05-28,200.0,
OCFC,2022-01-03,2026-05-28,200.0,
OCG,2022-01-03,2026-05-28,200.0,
OCGN,2022-01-03,2026-05-28,200.0,
OCSL,2022-01-03,2026-05-28,200.0,
OCUL,2022-01-03,2026-05-28,200.0,
ODC,2022-01-03,2026-05-28,200.0,
ODD,2023-07-19,2026-05-28,200.0,
ODFL,2022-01-03,2026-05-28,200.0,
ODTX,2026-05-08,2026-05-28,200.0,
ODYS,2022-01-03,2026-05-28,200.0,
OEC,2022-01-03,2026-05-28,200.0,
OEF,2022-01-03,2026-05-28,200.0,
OESX,2022-01-03,2026-05-28,200.0,
OFAL,2025-05-21,2026-05-28,200.0,
OFG,2022-01-03,2026-05-28,200.0,
OFIX,2022-01-03,2026-05-28,200.0,
OFLX,2022-01-03,2026-05-28,200.0,
OFRM,2026-02-06,2026-05-28,200.0,
OFS,2022-01-03,2026-05-28,200.0,
OGC,2022-01-03,2026-05-28,200.0,
OGCP,2022-01-03,2026-05-28,200.0,
OGE,2022-01-03,2026-05-28,200.0,
OGEN,2022-01-03,2026-05-28,200.0,
OGI,2022-01-03,2026-05-28,200.0,
OGN,2022-01-03,2026-05-28,200.0,
OGS,2022-01-03,2026-05-28,200.0,
OI,2022-01-03,2026-05-28,200.0,
OIH,2022-01-03,2026-05-28,200.0,
OII,2022-01-03,2026-05-28,200.0,
OILT,2023-12-21,2026-05-28,200.0,
OIS,2022-01-03,2026-05-28,200.0,
OKE,2022-01-03,2026-05-28,200.0,
OKLO,2022-01-03,2026-05-28,200.0,
OKTA,2022-01-03,2026-05-28,200.0,
OKUR,2022-01-03,2026-05-28,200.0,
OKYO,2022-05-17,2026-05-28,200.0,
OLB,2022-01-03,2026-05-28,200.0,
OLED,2022-01-03,2026-05-28,200.0,
OLLI,2022-01-03,2026-05-28,200.0,
OLMA,2022-01-03,2026-05-28,200.0,
OLN,2022-01-03,2026-05-28,200.0,
OLOX,2022-01-03,2026-05-28,200.0,
OLP,2022-01-03,2026-05-28,200.0,
OM,2022-01-03,2026-05-28,200.0,
OMC,2022-01-03,2026-05-28,200.0,
OMCC,2022-01-03,2026-05-28,200.0,
OMCL,2022-01-03,2026-05-28,200.0,
OMDA,2025-06-06,2026-05-28,200.0,
OMER,2022-01-03,2026-05-28,200.0,
OMEX,2022-01-03,2026-05-28,200.0,
OMF,2022-01-03,2026-05-28,200.0,
OMH,2023-03-22,2026-05-28,200.0,
OMSE,2025-05-13,2026-05-28,200.0,
ON,2022-01-03,2026-05-28,200.0,
ONB,2022-01-03,2026-05-28,200.0,
ONC,2022-01-03,2026-05-28,200.0,
ONCO,2022-02-18,2026-05-28,200.0,
ONCY,2022-01-03,2026-05-28,200.0,
ONDS,2022-01-03,2026-05-28,200.0,
ONEG,2024-12-31,2026-05-28,200.0,
ONEW,2022-01-03,2026-05-28,200.0,
ONIT,2022-01-03,2026-05-28,200.0,
ONL,2022-01-03,2026-05-28,200.0,
ONMD,2022-01-03,2026-05-28,200.0,
ONT,2022-01-03,2026-05-28,200.0,
ONTF,,,,HTTP 404
ONTO,2022-01-03,2026-05-28,200.0,
OOMA,2022-01-03,2026-05-28,200.0,
OPAD,2022-01-03,2026-05-28,200.0,
OPADW,,,200.0,
OPAL,2022-01-03,2026-05-28,200.0,
OPBK,2022-01-03,2026-05-28,200.0,
OPCH,2022-01-03,2026-05-28,200.0,
OPEN,2022-01-03,2026-05-28,200.0,
OPENW,2025-12-23,2026-05-28,200.0,
OPENZ,2025-12-23,2026-05-28,200.0,
OPFI,2022-01-03,2026-05-28,200.0,
OPHC,2022-01-03,2026-05-28,200.0,
OPI,,,,HTTP 400
OPK,2022-01-03,2026-05-28,200.0,
OPLN,2022-01-03,2026-05-28,200.0,
OPRA,2022-01-03,2026-05-28,200.0,
OPRT,2022-01-03,2026-05-28,200.0,
OPRX,2022-01-03,2026-05-28,200.0,
OPTT,2022-01-03,2026-05-28,200.0,
OPTU,2022-01-03,2026-05-28,200.0,
OPXS,2022-01-03,2026-05-28,200.0,
OPY,2022-01-03,2026-05-28,200.0,
OR,2022-01-03,2026-05-28,200.0,
ORA,2022-01-03,2026-05-28,200.0,
ORANY,2022-01-03,2026-05-28,200.0,
ORBS,2022-05-18,2026-05-28,200.0,
ORC,2022-01-03,2026-05-28,200.0,
ORCL,2022-01-03,2026-05-28,200.0,
ORGN,,,,HTTP 400
ORGO,2022-01-03,2026-05-28,200.0,
ORI,2022-01-03,2026-05-28,200.0,
ORIC,2022-01-03,2026-05-28,200.0,
ORIO,2022-01-03,2026-05-28,200.0,
ORKA,2022-01-03,2026-05-28,200.0,
ORKT,2024-07-25,2026-05-28,200.0,
ORLY,2022-01-03,2026-05-28,200.0,
ORMP,2022-01-03,2026-05-28,200.0,
ORN,2022-01-03,2026-05-28,200.0,
ORRF,2022-01-03,2026-05-28,200.0,
OSBC,2022-01-03,2026-05-28,200.0,
OSCR,2022-01-03,2026-05-28,200.0,
OSG,2022-01-03,2026-05-28,200.0,
OSIS,2022-01-03,2026-05-28,200.0,
OSK,2022-01-03,2026-05-28,200.0,
OSPN,2022-01-03,2026-05-28,200.0,
OSRH,2023-03-21,2026-05-28,200.0,
OSS,2022-01-03,2026-05-28,200.0,
OST,2022-04-27,2026-05-28,200.0,
OSTX,2024-08-01,2026-05-28,200.0,
OSUR,2022-01-03,2026-05-28,200.0,
OSW,2022-01-03,2026-05-28,200.0,
OTEX,2022-01-03,2026-05-28,200.0,
OTF,2025-06-12,2026-05-28,200.0,
OTIS,2022-01-03,2026-05-28,200.0,
OTLK,2022-01-03,2026-05-28,200.0,
OTLY,2022-01-03,2026-05-28,200.0,
OTRKQ,2022-01-03,2026-05-28,200.0,
OTTR,2022-01-03,2026-05-28,200.0,
OUNZ,2022-01-03,2026-05-28,200.0,
OUST,2022-01-03,2026-05-28,200.0,
OUT,2022-01-03,2026-05-28,200.0,
OVID,2022-01-03,2026-05-28,200.0,
OVLY,2022-01-03,2026-05-28,200.0,
OVV,2022-01-03,2026-05-28,200.0,
OWL,2022-01-03,2026-05-28,200.0,
OWLT,2022-01-03,2026-05-28,200.0,
OXLC,2022-01-03,2026-05-28,200.0,
OXM,2022-01-03,2026-05-28,200.0,
OZ,2022-01-03,2026-05-28,200.0,
OZK,2022-01-03,2026-05-28,200.0,
P,2022-01-03,2026-05-28,200.0,
PAA,2022-01-03,2026-05-28,200.0,
PAAA,2023-07-26,2026-05-28,200.0,
PAAS,2022-01-03,2026-05-28,200.0,
PACB,2022-01-03,2026-05-28,200.0,
PACK,2022-01-03,2026-05-28,200.0,
PACS,2024-04-11,2026-05-28,200.0,
PAG,2022-01-03,2026-05-28,200.0,
PAGP,2022-01-03,2026-05-28,200.0,
PAGS,2022-01-03,2026-05-28,200.0,
PAHC,2022-01-03,2026-05-28,200.0,
PAL,2024-05-09,2026-05-28,200.0,
PALI,2022-01-03,2026-05-28,200.0,
PALL,2022-01-03,2026-05-28,200.0,
PAM,2022-01-03,2026-05-28,200.0,
PAMT,2022-01-03,2026-05-28,200.0,
PANL,2022-01-03,2026-05-28,200.0,
PANW,2022-01-03,2026-05-28,200.0,
PAPL,2023-11-01,2026-05-28,200.0,
PAR,2022-01-03,2026-05-28,200.0,
PARAA,,,,HTTP 404
PARAW,,,200.0,
PARK,2025-12-03,2026-05-28,200.0,
PARR,2022-01-03,2026-05-28,200.0,
PASG,2022-01-03,2026-05-28,200.0,
PASW,2025-07-18,2026-05-28,200.0,
PATH,2022-01-03,2026-05-28,200.0,
PATK,2022-01-03,2026-05-28,200.0,
PAVM,2022-01-03,2026-05-28,200.0,
PAWZ,2022-01-03,2026-05-28,200.0,
PAX,2022-01-03,2026-05-28,200.0,
PAY,2022-01-03,2026-05-28,200.0,
PAYC,2022-01-03,2026-05-28,200.0,
PAYO,2022-01-03,2026-05-28,200.0,
PAYP,2026-03-12,2026-05-28,200.0,
PAYS,2022-01-03,2026-05-28,200.0,
PAYX,2022-01-03,2026-05-28,200.0,
PB,2022-01-03,2026-05-28,200.0,
PBBK,,,,HTTP 404
PBF,2022-01-03,2026-05-28,200.0,
PBFS,2022-01-03,2026-05-28,200.0,
PBH,2022-01-03,2026-05-28,200.0,
PBHC,2022-01-03,2026-05-28,200.0,
PBI,2022-01-03,2026-05-28,200.0,
PBJ,2022-01-03,2026-05-28,200.0,
PBK,2024-04-08,2026-05-28,200.0,
PBM,2022-01-03,2026-05-28,200.0,
PBT,2022-01-03,2026-05-28,200.0,
PBYI,2022-01-03,2026-05-28,200.0,
PCAR,2022-01-03,2026-05-28,200.0,
PCB,2022-01-03,2026-05-28,200.0,
PCEB,2026-05-06,2026-05-28,200.0,
PCG,2022-01-03,2026-05-28,200.0,
PCH,,,,HTTP 404
PCLA,2025-01-16,2026-05-28,200.0,
PCOR,2022-01-03,2026-05-28,200.0,
PCRX,2022-01-03,2026-05-28,200.0,
PCSA,2022-01-03,2026-05-28,200.0,
PCT,2022-01-03,2026-05-28,200.0,
PCTY,2022-01-03,2026-05-28,200.0,
PCVX,2022-01-03,2026-05-28,200.0,
PCYO,2022-01-03,2026-05-28,200.0,
PD,2022-01-03,2026-05-28,200.0,
PDBC,2022-01-03,2026-05-28,200.0,
PDC,2023-07-25,2026-05-28,200.0,
PDD,2022-01-03,2026-05-28,200.0,
PDEX,2022-01-03,2026-05-28,200.0,
PDFS,2022-01-03,2026-05-28,200.0,
PDLB,2022-01-03,2026-05-28,200.0,
PDM,2022-01-03,2026-05-28,200.0,
PDS,2022-01-03,2026-05-28,200.0,
PDSB,2022-01-03,2026-05-28,200.0,
PDYN,2022-01-03,2026-05-28,200.0,
PDYNW,,,,HTTP 400
PEB,2022-01-03,2026-05-28,200.0,
PEBK,2022-01-03,2026-05-28,200.0,
PEBO,2022-01-03,2026-05-28,200.0,
PECO,2022-01-03,2026-05-28,200.0,
PED,2022-01-03,2026-05-28,200.0,
PEG,2022-01-03,2026-05-28,200.0,
PEGA,2022-01-03,2026-05-28,200.0,
PEN,2022-01-03,2026-05-28,200.0,
PENG,2022-01-03,2026-05-28,200.0,
PENN,2022-01-03,2026-05-28,200.0,
PEP,2022-01-03,2026-05-28,200.0,
PEPG,2022-05-06,2026-05-28,200.0,
PERI,2022-01-03,2026-05-28,200.0,
PESI,2022-01-03,2026-05-28,200.0,
PETS,2022-01-03,2026-05-28,200.0,
PETXQ,,,,HTTP 404
PEW,2024-01-11,2026-05-28,200.0,
PFAI,2025-04-21,2026-05-28,200.0,
PFBC,2022-01-03,2026-05-28,200.0,
PFE,2022-01-03,2026-05-28,200.0,
PFG,2022-01-03,2026-05-28,200.0,
PFGC,2022-01-03,2026-05-28,200.0,
PFIS,2022-01-03,2026-05-28,200.0,
PFLT,2022-01-03,2026-05-28,200.0,
PFS,2022-01-03,2026-05-28,200.0,
PFSI,2022-01-03,2026-05-28,200.0,
PG,2022-01-03,2026-05-28,200.0,
PGC,2022-01-03,2026-05-28,200.0,
PGEN,2022-01-03,2026-05-28,200.0,
PGNY,2022-01-03,2026-05-28,200.0,
PGR,2022-01-03,2026-05-28,200.0,
PH,2022-01-03,2026-05-28,200.0,
PHAR,2022-01-03,2026-05-28,200.0,
PHAT,2022-01-03,2026-05-28,200.0,
PHG,2022-01-03,2026-05-28,200.0,
PHGE,2022-01-03,2026-05-28,200.0,
PHI,2022-01-03,2026-05-28,200.0,
PHIN,2023-06-28,2026-05-28,200.0,
PHIO,2022-01-03,2026-05-28,200.0,
PHM,2022-01-03,2026-05-28,200.0,
PHR,2022-01-03,2026-05-28,200.0,
PHUN,2022-01-03,2026-05-28,200.0,
PHVS,2022-01-03,2026-05-28,200.0,
PHYS,2022-01-03,2026-05-28,200.0,
PI,2022-01-03,2026-05-28,200.0,
PII,2022-01-03,2026-05-28,200.0,
PIII,2022-01-03,2026-05-28,200.0,
PINE,2022-01-03,2026-05-28,200.0,
PINK,2022-01-03,2026-05-28,200.0,
PINS,2022-01-03,2026-05-28,200.0,
PIO,2022-01-03,2026-05-28,200.0,
PIPR,2022-01-03,2026-05-28,200.0,
PJT,2022-01-03,2026-05-28,200.0,
PK,2022-01-03,2026-05-28,200.0,
PKBK,2022-01-03,2026-05-28,200.0,
PKE,2022-01-03,2026-05-28,200.0,
PKOH,2022-01-03,2026-05-28,200.0,
PKST,,,,HTTP 404
PKX,2022-01-03,2026-05-28,200.0,
PL,2022-01-03,2026-05-28,200.0,
PLAB,2022-01-03,2026-05-28,200.0,
PLAG,2022-01-03,2026-05-28,200.0,
PLAY,2022-01-03,2026-05-28,200.0,
PLBC,2022-01-03,2026-05-28,200.0,
PLBL,2025-08-08,2026-05-28,200.0,
PLBY,2022-01-03,2026-05-28,200.0,
PLD,2022-01-03,2026-05-28,200.0,
PLG,2022-01-03,2026-05-28,200.0,
PLMJF,,,,HTTP 400
PLMR,2022-01-03,2026-05-28,200.0,
PLNT,2022-01-03,2026-05-28,200.0,
PLOW,2022-01-03,2026-05-28,200.0,
PLPC,2022-01-03,2026-05-28,200.0,
PLRX,2022-01-03,2026-05-28,200.0,
PLRZ,2024-10-29,2026-05-28,200.0,
PLSE,2022-01-03,2026-05-28,200.0,
PLTK,2022-01-03,2026-05-28,200.0,
PLTM,2022-01-03,2026-05-28,200.0,
PLTR,2022-01-03,2026-05-28,200.0,
PLTS,2025-09-19,2026-05-28,200.0,
PLTZ,2025-06-06,2026-05-28,200.0,
PLUG,2022-01-03,2026-05-28,200.0,
PLUR,2022-01-03,2026-05-28,200.0,
PLUS,2022-01-03,2026-05-28,200.0,
PLUT,2025-02-05,2026-05-28,200.0,
PLX,2022-01-03,2026-05-28,200.0,
PLXS,2022-01-03,2026-05-28,200.0,
PLYX,2026-02-02,2026-05-28,200.0,
PM,2022-01-03,2026-05-28,200.0,
PMA,2024-11-22,2026-05-28,200.0,
PMAX,2024-09-05,2026-05-28,200.0,
PMCB,2022-01-03,2026-05-28,200.0,
PMEC,2023-10-09,2026-05-28,200.0,
PMI,2025-08-29,2026-05-28,200.0,
PMNT,2024-02-08,2026-05-28,200.0,
PMT,2022-01-03,2026-05-28,200.0,
PMTS,2022-01-03,2026-05-28,200.0,
PMVP,2022-01-03,2026-05-28,200.0,
PNBK,2022-01-03,2026-05-28,200.0,
PNC,2022-01-03,2026-05-28,200.0,
PNFP,2022-01-03,2026-05-28,200.0,
PNI,2022-01-03,2026-05-28,200.0,
PNNT,2022-01-03,2026-05-28,200.0,
PNR,2022-01-03,2026-05-28,200.0,
PNRG,2022-01-03,2026-05-28,200.0,
PNTG,2022-01-03,2026-05-28,200.0,
PNW,2022-01-03,2026-05-28,200.0,
POCI,2022-01-03,2026-05-28,200.0,
PODC,2023-09-08,2026-05-28,200.0,
PODD,2022-01-03,2026-05-28,200.0,
POET,2022-01-03,2026-05-28,200.0,
POLA,2022-01-03,2026-05-28,200.0,
POM,2025-10-08,2026-05-28,200.0,
PONY,2024-11-27,2026-05-28,200.0,
POOL,2022-01-03,2026-05-28,200.0,
POR,2022-01-03,2026-05-28,200.0,
POST,2022-01-03,2026-05-28,200.0,
POWI,2022-01-03,2026-05-28,200.0,
POWL,2022-01-03,2026-05-28,200.0,
POWW,2022-01-03,2026-05-28,200.0,
PPBT,2022-01-03,2026-05-28,200.0,
PPC,2022-01-03,2026-05-28,200.0,
PPCB,2022-01-03,2026-05-28,200.0,
PPEM,,,,HTTP 400
PPG,2022-01-03,2026-05-28,200.0,
PPHC,2026-01-28,2026-05-28,200.0,
PPIE,,,,HTTP 400
PPIH,2022-01-03,2026-05-28,200.0,
PPL,2022-01-03,2026-05-28,200.0,
PPLI,2022-01-03,2026-05-28,200.0,
PPLT,2022-01-03,2026-05-28,200.0,
PPSI,2022-01-03,2026-05-28,200.0,
PPTA,2022-01-03,2026-05-28,200.0,
PPTY,2022-01-03,2026-05-28,200.0,
PR,2022-01-03,2026-05-28,200.0,
PRAA,2022-01-03,2026-05-28,200.0,
PRAX,2022-01-03,2026-05-28,200.0,
PRCH,2022-01-03,2026-05-28,200.0,
PRCT,2022-01-03,2026-05-28,200.0,
PRDO,2022-01-03,2026-05-28,200.0,
PRF,2022-01-03,2026-05-28,200.0,
PRFX,2022-01-03,2026-05-28,200.0,
PRFZ,,,,NOT_FETCHED
PRG,2022-01-03,2026-05-28,200.0,
PRGO,2022-01-03,2026-05-28,200.0,
PRGS,2022-01-03,2026-05-28,200.0,
PRI,2022-01-03,2026-05-28,200.0,
PRIM,2022-01-03,2026-05-28,200.0,
PRKS,2022-01-03,2026-05-28,200.0,
PRLB,2022-01-03,2026-05-28,200.0,
PRLD,2022-01-03,2026-05-28,200.0,
PRM,2022-01-03,2026-05-28,200.0,
PRMB,2022-01-03,2026-05-28,200.0,
PRME,2022-10-20,2026-05-28,200.0,
PRMR,2025-12-09,2026-05-28,200.0,
PROF,2022-01-03,2026-05-28,200.0,
PROK,2022-01-03,2026-05-28,200.0,
PROP,2022-01-03,2026-05-28,200.0,
PROV,2022-01-03,2026-05-28,200.0,
PRPH,2022-01-03,2026-05-28,200.0,
PRPO,2022-01-03,2026-05-28,200.0,
PRSO,2022-01-03,2026-05-28,200.0,
PRST,2022-09-22,2026-05-28,200.0,
PRSTW,,,,HTTP 404
PRSU,2022-01-03,2026-05-28,200.0,
PRT,2022-01-03,2026-05-28,200.0,
PRTS,2022-01-03,2026-05-28,200.0,
PRU,2022-01-03,2026-05-28,200.0,
PRVA,2022-01-03,2026-05-28,200.0,
PRVS,2024-12-12,2026-05-28,200.0,
PRZO,2023-07-27,2026-05-28,200.0,
PS,2026-04-29,2026-05-28,200.0,
PSA,2022-01-03,2026-05-28,200.0,
PSBD,2024-01-18,2026-05-28,200.0,
PSCQ,2022-01-03,2026-05-28,200.0,
PSEC,2022-01-03,2026-05-28,200.0,
PSET,2022-01-03,2026-05-28,200.0,
PSFE,2022-01-03,2026-05-28,200.0,
PSFO,2022-01-03,2026-05-28,200.0,
PSHG,2022-01-03,2026-05-28,200.0,
PSIX,2022-01-03,2026-05-28,200.0,
PSKY,2022-01-03,2026-05-28,200.0,
PSLV,2022-01-03,2026-05-28,200.0,
PSMT,2022-01-03,2026-05-28,200.0,
PSN,2022-01-03,2026-05-28,200.0,
PSNL,2022-01-03,2026-05-28,200.0,
PSNY,2022-01-03,2026-05-28,200.0,
PSO,2022-01-03,2026-05-28,200.0,
PSQ,2022-01-03,2026-05-28,200.0,
PSR,2022-01-03,2026-05-28,200.0,
PSTL,2022-01-03,2026-05-28,200.0,
PSUS,2026-04-29,2026-05-28,200.0,
PSX,2022-01-03,2026-05-28,200.0,
PTC,2022-01-03,2026-05-28,200.0,
PTCT,2022-01-03,2026-05-28,200.0,
PTEN,2022-01-03,2026-05-28,200.0,
PTGX,2022-01-03,2026-05-28,200.0,
PTHS,2024-02-16,2026-05-28,200.0,
PTIN,2022-01-03,2026-05-28,200.0,
PTIX,2022-01-03,2026-05-28,200.0,
PTL,2024-03-26,2026-05-28,200.0,
PTLE,2024-10-16,2026-05-28,200.0,
PTLO,2022-01-03,2026-05-28,200.0,
PTN,2022-01-03,2026-05-28,200.0,
PTNQ,2022-01-03,2026-05-28,200.0,
PTON,2022-01-03,2026-05-28,200.0,
PTPI,2022-01-03,2026-05-28,200.0,
PTRN,2025-09-19,2026-05-28,200.0,
PUBM,2022-01-03,2026-05-28,200.0,
PUCKW,,,200.0,
PUK,2022-01-03,2026-05-28,200.0,
PULM,2022-01-03,2026-05-28,200.0,
PUMP,2022-01-03,2026-05-28,200.0,
PURR,2025-12-03,2026-05-28,200.0,
PUSA,2025-02-12,2026-05-28,200.0,
PVH,2022-01-03,2026-05-28,200.0,
PVL,2022-01-03,2026-05-28,200.0,
PVLA,2022-01-03,2026-05-28,200.0,
PW,2022-01-03,2026-05-28,200.0,
PWB,2022-01-03,2026-05-28,200.0,
PWP,2022-01-03,2026-05-28,200.0,
PWR,2022-01-03,2026-05-28,200.0,
PWV,2022-01-03,2026-05-28,200.0,
PXED,2025-10-09,2026-05-28,200.0,
PXLW,2022-01-03,2026-05-28,200.0,
PXMD,2022-08-26,2026-05-28,200.0,
PXS,2022-01-03,2026-05-28,200.0,
PYPD,2022-01-03,2026-05-28,200.0,
PYPL,2022-01-03,2026-05-28,200.0,
PYXS,2022-01-03,2026-05-28,200.0,
PZG,2022-01-03,2026-05-28,200.0,
PZZA,2022-01-03,2026-05-28,200.0,
Q,2025-10-27,2026-05-28,200.0,
QAT,2022-01-03,2026-05-28,200.0,
QBTS,2022-01-03,2026-05-28,200.0,
QCLS,2022-01-03,2026-05-28,200.0,
QCOM,2022-01-03,2026-05-28,200.0,
QCRH,2022-01-03,2026-05-28,200.0,
QDEL,2022-01-03,2026-05-28,200.0,
QETAR,,,200.0,
QFIN,2022-01-03,2026-05-28,200.0,
QH,2022-01-03,2026-05-28,200.0,
QID,2022-01-03,2026-05-28,200.0,
QLYS,2022-01-03,2026-05-28,200.0,
QMCO,2022-01-03,2026-05-28,200.0,
QNCX,2022-01-03,2026-05-28,200.0,
QNME,2024-06-28,2026-05-28,200.0,
QNRX,2022-01-03,2026-05-28,200.0,
QNST,2022-01-03,2026-05-28,200.0,
QNT,,,,HTTP 400
QNTM,2022-01-03,2026-05-28,200.0,
QQQ,2022-01-03,2026-05-28,200.0,
QQQI,2024-01-30,2026-05-28,200.0,
QQQM,2022-01-03,2026-05-28,200.0,
QQQY,2023-09-14,2026-05-28,200.0,
QQXT,2022-01-03,2026-05-28,200.0,
QRHC,2022-01-03,2026-05-28,200.0,
QRVO,2022-01-03,2026-05-28,200.0,
QS,2022-01-03,2026-05-28,200.0,
QSI,2022-01-03,2026-05-28,200.0,
QSR,2022-01-03,2026-05-28,200.0,
QTEX,2022-01-03,2026-05-28,200.0,
QTI,2022-01-03,2026-05-28,200.0,
QTRX,2022-01-03,2026-05-28,200.0,
QTTB,2022-01-03,2026-05-28,200.0,
QTUM,2022-01-03,2026-05-28,200.0,
QTWO,2022-01-03,2026-05-28,200.0,
QUAD,2022-01-03,2026-05-28,200.0,
QUBT,2022-01-03,2026-05-28,200.0,
QUIK,2022-01-03,2026-05-28,200.0,
QVCG,,,,HTTP 400
QXO,2022-01-03,2026-05-28,200.0,
R,2022-01-03,2026-05-28,200.0,
RACE,2022-01-03,2026-05-28,200.0,
RAFE,2022-01-03,2026-05-28,200.0,
RAIL,2022-01-03,2026-05-28,200.0,
RAIN,2025-01-02,2026-05-28,200.0,
RAL,2025-06-25,2026-05-28,200.0,
RAMP,2022-01-03,2026-05-28,200.0,
RAND,2022-01-03,2026-05-28,200.0,
RAPP,2024-06-07,2026-05-28,200.0,
RARE,2022-01-03,2026-05-28,200.0,
RAVE,2022-01-03,2026-05-28,200.0,
RBA,2022-01-03,2026-05-28,200.0,
RBB,2022-01-03,2026-05-28,200.0,
RBBN,2022-01-03,2026-05-28,200.0,
RBC,2022-01-03,2026-05-28,200.0,
RBCAA,2022-01-03,2026-05-28,200.0,
RBKB,2022-01-03,2026-05-28,200.0,
RBLX,2022-01-03,2026-05-28,200.0,
RBNE,2025-04-11,2026-05-28,200.0,
RBOT,2022-01-03,2026-05-28,200.0,
RBRK,2024-04-25,2026-05-28,200.0,
RC,2022-01-03,2026-05-28,200.0,
RCAT,2022-01-03,2026-05-28,200.0,
RCEL,2022-01-03,2026-05-28,200.0,
RCI,2022-01-03,2026-05-28,200.0,
RCKT,2022-01-03,2026-05-28,200.0,
RCKY,2022-01-03,2026-05-28,200.0,
RCMT,2022-01-03,2026-05-28,200.0,
RCON,2022-01-03,2026-05-28,200.0,
RCUS,2022-01-03,2026-05-28,200.0,
RDCM,2022-01-03,2026-05-28,200.0,
RDDT,2024-03-21,2026-05-28,200.0,
RDFI,2022-01-03,2026-05-28,200.0,
RDFN,,,,HTTP 404
RDGT,2022-01-03,2026-05-28,200.0,
RDHL,2022-01-03,2026-05-28,200.0,
RDI,2022-01-03,2026-05-28,200.0,
RDN,2022-01-03,2026-05-28,200.0,
RDNT,2022-01-03,2026-05-28,200.0,
RDNW,2022-01-03,2026-05-28,200.0,
RDVT,2022-01-03,2026-05-28,200.0,
RDW,2022-01-03,2026-05-28,200.0,
RDWR,2022-01-03,2026-05-28,200.0,
REA,2026-05-05,2026-05-28,200.0,
REAL,2022-01-03,2026-05-28,200.0,
REAX,2022-01-03,2026-05-28,200.0,
REBN,2022-08-12,2026-05-28,200.0,
REEAF,2022-01-03,2026-05-28,200.0,
REED,2022-01-03,2026-05-28,200.0,
REET,2022-01-03,2026-05-28,200.0,
REFI,2022-01-03,2026-05-28,200.0,
REFR,2022-01-03,2026-05-28,200.0,
REG,2022-01-03,2026-05-28,200.0,
REGN,2022-01-03,2026-05-28,200.0,
REI,2022-01-03,2026-05-28,200.0,
REKR,2022-01-03,2026-05-28,200.0,
RELL,2022-01-03,2026-05-28,200.0,
RELX,2022-01-03,2026-05-28,200.0,
RELY,2022-01-03,2026-05-28,200.0,
RENT,2022-01-03,2026-05-28,200.0,
RENX,2023-09-19,2026-05-28,200.0,
REPL,2022-01-03,2026-05-28,200.0,
REPX,2022-01-03,2026-05-28,200.0,
RERE,2022-01-03,2026-05-28,200.0,
RES,2022-01-03,2026-05-28,200.0,
RETO,2022-01-03,2026-05-28,200.0,
REVB,2022-01-03,2026-05-28,200.0,
REX,2022-01-03,2026-05-28,200.0,
REXR,2022-01-03,2026-05-28,200.0,
REYN,2022-01-03,2026-05-28,200.0,
REZI,2022-01-03,2026-05-28,200.0,
RF,2022-01-03,2026-05-28,200.0,
RFIL,2022-01-03,2026-05-28,200.0,
RFL,2022-01-03,2026-05-28,200.0,
RGA,2022-01-03,2026-05-28,200.0,
RGCO,2022-01-03,2026-05-28,200.0,
RGEN,2022-01-03,2026-05-28,200.0,
RGLD,2022-01-03,2026-05-28,200.0,
RGLS,,,,HTTP 404
RGNT,2025-12-04,2026-05-28,200.0,
RGNX,2022-01-03,2026-05-28,200.0,
RGP,2022-01-03,2026-05-28,200.0,
RGR,2022-01-03,2026-05-28,200.0,
RGS,2022-01-03,2026-05-28,200.0,
RGTI,2022-01-03,2026-05-28,200.0,
RH,2022-01-03,2026-05-28,200.0,
RHI,2022-01-03,2026-05-28,200.0,
RHLD,2025-02-24,2026-05-28,200.0,
RHP,2022-01-03,2026-05-28,200.0,
RICK,2022-01-03,2026-05-28,200.0,
RIG,2022-01-03,2026-05-28,200.0,
RIGL,2022-01-03,2026-05-28,200.0,
RILY,2022-01-03,2026-05-28,200.0,
RIME,2022-01-03,2026-05-28,200.0,
RIO,2022-01-03,2026-05-28,200.0,
RIOT,2022-01-03,2026-05-28,200.0,
RISN,,,,NOT_FETCHED
RITM,2022-01-03,2026-05-28,200.0,
RIVN,2022-01-03,2026-05-28,200.0,
RJET,2022-01-03,2026-05-28,200.0,
RJF,2022-01-03,2026-05-28,200.0,
RKDA,2022-01-03,2026-05-28,200.0,
RKLB,2022-01-03,2026-05-28,200.0,
RKNG,2026-01-22,2026-05-28,200.0,
RKT,2022-01-03,2026-05-28,200.0,
RKTO,2022-01-03,2026-05-28,200.0,
RL,2022-01-03,2026-05-28,200.0,
RLAY,2022-01-03,2026-05-28,200.0,
RLGT,2022-01-03,2026-05-28,200.0,
RLI,2022-01-03,2026-05-28,200.0,
RLJ,2022-01-03,2026-05-28,200.0,
RLMD,2022-01-03,2026-05-28,200.0,
RLX,2022-01-03,2026-05-28,200.0,
RLYB,2022-01-03,2026-05-28,200.0,
RM,2022-01-03,2026-05-28,200.0,
RMAX,2022-01-03,2026-05-28,200.0,
RMBI,2022-01-03,2026-05-28,200.0,
RMBS,2022-01-03,2026-05-28,200.0,
RMCF,2022-01-03,2026-05-28,200.0,
RMCO,2022-01-03,2026-05-28,200.0,
RMD,2022-01-03,2026-05-28,200.0,
RMI,2022-01-03,2026-05-28,200.0,
RMIX,2026-04-02,2026-05-28,200.0,
RMNI,2022-01-03,2026-05-28,200.0,
RMR,2022-01-03,2026-05-28,200.0,
RNA,2026-02-27,2026-05-28,200.0,
RNAC,2022-01-03,2026-05-28,200.0,
RNAZ,2022-01-03,2026-05-28,200.0,
RNG,2022-01-03,2026-05-28,200.0,
RNGR,2022-01-03,2026-05-28,200.0,
RNST,2022-01-03,2026-05-28,200.0,
RNTX,2022-01-03,2026-05-28,200.0,
RNXT,2022-01-03,2026-05-28,200.0,
ROAD,2022-01-03,2026-05-28,200.0,
ROC,2026-02-23,2026-05-28,200.0,
ROCK,2022-01-03,2026-05-28,200.0,
ROG,2022-01-03,2026-05-28,200.0,
ROIV,2022-01-03,2026-05-28,200.0,
ROK,2022-01-03,2026-05-28,200.0,
ROKU,2022-01-03,2026-05-28,200.0,
ROL,2022-01-03,2026-05-28,200.0,
ROLR,2024-10-23,2026-05-28,200.0,
ROMA,2024-01-09,2026-05-28,200.0,
ROOT,2022-01-03,2026-05-28,200.0,
ROP,2022-01-03,2026-05-28,200.0,
ROPE,2024-12-18,2026-05-28,200.0,
ROST,2022-01-03,2026-05-28,200.0,
ROUS,2022-01-03,2026-05-28,200.0,
RPAY,2022-01-03,2026-05-28,200.0,
RPC,2022-01-03,2026-05-28,200.0,
RPD,2022-01-03,2026-05-28,200.0,
RPID,2022-01-03,2026-05-28,200.0,
RPM,2022-01-03,2026-05-28,200.0,
RPRX,2022-01-03,2026-05-28,200.0,
RPT,2022-01-03,2026-05-28,200.0,
RPTX,,,,HTTP 404
RR,2023-11-17,2026-05-28,200.0,
RRBI,2022-01-03,2026-05-28,200.0,
RRC,2022-01-03,2026-05-28,200.0,
RRGB,2022-01-03,2026-05-28,200.0,
RRR,2022-01-03,2026-05-28,200.0,
RRX,2022-01-03,2026-05-28,200.0,
RS,2022-01-03,2026-05-28,200.0,
RSG,2022-01-03,2026-05-28,200.0,
RSI,2022-01-03,2026-05-28,200.0,
RSKD,2022-01-03,2026-05-28,200.0,
RSSS,2022-01-03,2026-05-28,200.0,
RSVR,2022-01-03,2026-05-28,200.0,
RTB,2022-01-03,2026-05-28,200.0,
RTCJF,2025-08-05,2026-05-28,200.0,
RTH,2022-01-03,2026-05-28,200.0,
RTO,2022-01-03,2026-05-28,200.0,
RTX,2022-01-03,2026-05-28,200.0,
RULE,2022-01-03,2026-05-28,200.0,
RUN,2022-01-03,2026-05-28,200.0,
RUSHA,2022-01-03,2026-05-28,200.0,
RUSHB,2022-01-03,2026-05-28,200.0,
RVLV,2022-01-03,2026-05-28,200.0,
RVMD,2022-01-03,2026-05-28,200.0,
RVMDW,,,,HTTP 400
RVP,2022-01-03,2026-05-28,200.0,
RVPH,2022-01-03,2026-05-28,200.0,
RVSB,2022-01-03,2026-05-28,200.0,
RVTY,2022-01-03,2026-05-28,200.0,
RWT,2022-01-03,2026-05-28,200.0,
RXO,2022-10-27,2026-05-28,200.0,
RXRX,2022-01-03,2026-05-28,200.0,
RXST,2022-01-03,2026-05-28,200.0,
RXT,2022-01-03,2026-05-28,200.0,
RY,2022-01-03,2026-05-28,200.0,
RYAAY,2022-01-03,2026-05-28,200.0,
RYAM,2022-01-03,2026-05-28,200.0,
RYAN,2022-01-03,2026-05-28,200.0,
RYDE,2024-03-06,2026-05-28,200.0,
RYET,2025-04-08,2026-05-28,200.0,
RYLD,2022-01-03,2026-05-28,200.0,
RYM,2022-01-03,2026-05-28,200.0,
RYN,2022-01-03,2026-05-28,200.0,
RYOJ,2025-08-14,2026-05-28,200.0,
RYTM,2022-01-03,2026-05-28,200.0,
RYZ,2022-01-03,2026-05-28,200.0,
RZLT,2022-01-03,2026-05-28,200.0,
S,2022-01-03,2026-05-28,200.0,
SA,2022-01-03,2026-05-28,200.0,
SABR,2022-01-03,2026-05-28,200.0,
SABS,2022-01-03,2026-05-28,200.0,
SACH,2022-01-03,2026-05-28,200.0,
SAFE,2022-01-03,2026-05-28,200.0,
SAFT,2022-01-03,2026-05-28,200.0,
SAFX,2025-01-02,2026-05-28,200.0,
SAGT,2025-03-07,2026-05-28,200.0,
SAH,2022-01-03,2026-05-28,200.0,
SAIA,2022-01-03,2026-05-28,200.0,
SAIC,2022-01-03,2026-05-28,200.0,
SAIL,2025-02-13,2026-05-28,200.0,
SALM,2022-01-03,2026-05-28,200.0,
SAM,2022-01-03,2026-05-28,200.0,
SAMG,2022-01-03,2026-05-28,200.0,
SAMM,2024-04-04,2026-05-28,200.0,
SAN,2022-01-03,2026-05-28,200.0,
SANA,2022-01-03,2026-05-28,200.0,
SANG,2022-01-03,2026-05-28,200.0,
SANM,2022-01-03,2026-05-28,200.0,
SANW,2022-01-03,2026-05-28,200.0,
SAP,2022-01-03,2026-05-28,200.0,
SAR,2022-01-03,2026-05-28,200.0,
SARO,2024-10-02,2026-05-28,200.0,
SATL,2022-01-03,2026-05-28,200.0,
SAWG,2024-07-31,2026-05-28,200.0,
SBAC,2022-01-03,2026-05-28,200.0,
SBAR,2025-04-15,2026-05-28,200.0,
SBC,2022-09-26,2026-05-28,200.0,
SBCF,2022-01-03,2026-05-28,200.0,
SBDS,2022-01-03,2026-05-28,200.0,
SBET,2022-01-03,2026-05-28,200.0,
SBFG,2022-01-03,2026-05-28,200.0,
SBFMW,,,,HTTP 400
SBGI,2022-01-03,2026-05-28,200.0,
SBH,2022-01-03,2026-05-28,200.0,
SBLK,2022-01-03,2026-05-28,200.0,
SBMT,2026-04-30,2026-05-28,200.0,
SBR,2022-01-03,2026-05-28,200.0,
SBRA,2022-01-03,2026-05-28,200.0,
SBS,2022-01-03,2026-05-28,200.0,
SBSI,2022-01-03,2026-05-28,200.0,
SBSW,2022-01-03,2026-05-28,200.0,
SBUX,2022-01-03,2026-05-28,200.0,
SCCO,2022-01-03,2026-05-28,200.0,
SCCR,2025-02-05,2026-05-28,200.0,
SCHH,2022-01-03,2026-05-28,200.0,
SCHK,2022-01-03,2026-05-28,200.0,
SCHL,2022-01-03,2026-05-28,200.0,
SCHM,2022-01-03,2026-05-28,200.0,
SCHQ,2022-01-03,2026-05-28,200.0,
SCHW,2022-01-03,2026-05-28,200.0,
SCI,2022-01-03,2026-05-28,200.0,
SCKT,2022-01-03,2026-05-28,200.0,
SCL,2022-01-03,2026-05-28,200.0,
SCLX,2022-01-03,2026-05-28,200.0,
SCM,2022-01-03,2026-05-28,200.0,
SCNI,2022-01-03,2026-05-28,200.0,
SCNX,2022-01-03,2026-05-28,200.0,
SCOR,2022-01-03,2026-05-28,200.0,
SCPH,,,,HTTP 404
SCPX,2022-01-03,2026-05-28,200.0,
SCSC,2022-01-03,2026-05-28,200.0,
SCWO,2022-01-03,2026-05-28,200.0,
SCYX,2022-01-03,2026-05-28,200.0,
SD,2022-01-03,2026-05-28,200.0,
SDCCQ,2022-01-03,2026-05-28,200.0,
SDEV,2022-01-03,2026-05-28,200.0,
SDGR,2022-01-03,2026-05-28,200.0,
SDHC,2024-01-11,2026-05-28,200.0,
SDOT,2022-01-03,2026-05-28,200.0,
SDRL,2022-10-14,2026-05-28,200.0,
SDST,2022-01-03,2026-05-28,200.0,
SDVD,2023-08-10,2026-05-28,200.0,
SE,2022-01-03,2026-05-28,200.0,
SEAT,2022-01-03,2026-05-28,200.0,
SEB,2022-01-03,2026-05-28,200.0,
SEDG,2022-01-03,2026-05-28,200.0,
SEED,2022-01-03,2026-05-28,200.0,
SEER,2022-01-03,2026-05-28,200.0,
SEG,2024-07-30,2026-05-28,200.0,
SEI,2022-01-03,2026-05-28,200.0,
SEIC,2022-01-03,2026-05-28,200.0,
SEIS,2024-10-10,2026-05-28,200.0,
SELF,2022-01-03,2026-05-28,200.0,
SENEA,2022-01-03,2026-05-28,200.0,
SENEB,2022-01-03,2026-05-28,200.0,
SENS,2022-01-03,2026-05-28,200.0,
SEPN,2024-10-25,2026-05-28,200.0,
SER,2022-01-03,2026-05-28,200.0,
SERA,2022-01-03,2026-05-28,200.0,
SERV,2024-03-08,2026-05-28,200.0,
SES,2022-01-03,2026-05-28,200.0,
SESCW,,,,HTTP 404
SETM,2023-02-02,2026-05-28,200.0,
SEV,2025-10-16,2026-05-28,200.0,
SEVN,2022-01-03,2026-05-28,200.0,
SEZL,2023-09-13,2026-05-28,200.0,
SF,2022-01-03,2026-05-28,200.0,
SFBC,2022-01-03,2026-05-28,200.0,
SFBS,2022-01-03,2026-05-28,200.0,
SFD,2025-01-28,2026-05-28,200.0,
SFES,2022-01-03,2026-05-28,200.0,
SFIX,2022-01-03,2026-05-28,200.0,
SFL,2022-01-03,2026-05-28,200.0,
SFM,2022-01-03,2026-05-28,200.0,
SFNC,2022-01-03,2026-05-28,200.0,
SFRT,2022-01-03,2026-05-28,200.0,
SFST,2022-01-03,2026-05-28,200.0,
SFY,2022-01-03,2026-05-28,200.0,
SFYF,2022-01-03,2026-05-28,200.0,
SFYX,2026-02-18,2026-05-28,200.0,
SG,2022-01-03,2026-05-28,200.0,
SGA,2022-01-03,2026-05-28,200.0,
SGC,2022-01-03,2026-05-28,200.0,
SGDM,2022-01-03,2026-05-28,200.0,
SGHC,2022-01-03,2026-05-28,200.0,
SGHT,2022-01-03,2026-05-28,200.0,
SGI,2022-01-03,2026-05-28,200.0,
SGML,2022-01-03,2026-05-28,200.0,
SGMOQ,2022-01-03,2026-05-28,200.0,
SGMT,2023-07-14,2026-05-28,200.0,
SGN,,,,HTTP 404
SGP,2026-02-06,2026-05-28,200.0,
SGRP,2022-01-03,2026-05-28,200.0,
SGRY,2022-01-03,2026-05-28,200.0,
SGU,2022-01-03,2026-05-28,200.0,
SHAK,2022-01-03,2026-05-28,200.0,
SHAZ,2026-02-18,2026-05-28,200.0,
SHBI,2022-01-03,2026-05-28,200.0,
SHC,2022-01-03,2026-05-28,200.0,
SHEL,2022-01-03,2026-05-28,200.0,
SHEN,2022-01-03,2026-05-28,200.0,
SHFS,2022-01-03,2026-05-28,200.0,
SHFSW,,,,HTTP 400
SHG,2022-01-03,2026-05-28,200.0,
SHIM,2023-11-14,2026-05-28,200.0,
SHLD,2023-09-14,2026-05-28,200.0,
SHLS,2022-01-03,2026-05-28,200.0,
SHO,2022-01-03,2026-05-28,200.0,
SHOE,2022-01-03,2026-05-28,200.0,
SHOO,2022-01-03,2026-05-28,200.0,
SHOP,2022-01-03,2026-05-28,200.0,
SHPSQ,,,,HTTP 404
SHPWQ,2022-01-03,2026-05-28,200.0,
SHW,2022-01-03,2026-05-28,200.0,
SHYL,2022-01-03,2026-05-28,200.0,
SI,2025-07-31,2026-05-28,200.0,
SIBN,2022-01-03,2026-05-28,200.0,
SIDU,2022-01-03,2026-05-28,200.0,
SIEB,2022-01-03,2026-05-28,200.0,
SIF,2022-01-03,2026-05-28,200.0,
SIFY,2022-01-03,2026-05-28,200.0,
SIG,2022-01-03,2026-05-28,200.0,
SIGA,2022-01-03,2026-05-28,200.0,
SIGI,2022-01-03,2026-05-28,200.0,
SII,2022-01-03,2026-05-28,200.0,
SIL,2022-01-03,2026-05-28,200.0,
SILC,2022-01-03,2026-05-28,200.0,
SILO,2022-01-03,2026-05-28,200.0,
SIM,2022-01-03,2026-05-28,200.0,
SIMO,2022-01-03,2026-05-28,200.0,
SIND,,,,HTTP 400
SINT,2022-01-03,2026-05-28,200.0,
SION,2025-02-07,2026-05-28,200.0,
SIRI,2022-01-03,2026-05-28,200.0,
SITC,2022-01-03,2026-05-28,200.0,
SITE,2022-01-03,2026-05-28,200.0,
SITM,2022-01-03,2026-05-28,200.0,
SIVR,2022-01-03,2026-05-28,200.0,
SIXA,2022-01-03,2026-05-28,200.0,
SIXL,2022-01-03,2026-05-28,200.0,
SIXS,2022-01-03,2026-05-28,200.0,
SJ,2022-01-03,2026-05-28,200.0,
SJT,2022-01-03,2026-05-28,200.0,
SKE,2022-01-03,2026-05-28,200.0,
SKIL,2022-01-03,2026-05-28,200.0,
SKIN,2022-01-03,2026-05-28,200.0,
SKK,2024-10-08,2026-05-28,200.0,
SKM,2022-01-03,2026-05-28,200.0,
SKT,2022-01-03,2026-05-28,200.0,
SKWD,2023-01-13,2026-05-28,200.0,
SKY,2022-01-03,2026-05-28,200.0,
SKYA,2022-04-14,2026-05-28,200.0,
SKYAW,,,200.0,
SKYE,2022-01-03,2026-05-28,200.0,
SKYH,2022-01-03,2026-05-28,200.0,
SKYQ,2024-10-10,2026-05-28,200.0,
SKYW,2022-01-03,2026-05-28,200.0,
SKYX,2022-02-10,2026-05-28,200.0,
SKYY,2022-01-03,2026-05-28,200.0,
SLAB,2022-01-03,2026-05-28,200.0,
SLAIY,2022-01-03,2026-05-28,200.0,
SLB,2022-01-03,2026-05-28,200.0,
SLDB,2022-01-03,2026-05-28,200.0,
SLDE,2025-06-18,2026-05-28,200.0,
SLDP,2022-01-03,2026-05-28,200.0,
SLE,2022-01-03,2026-05-28,200.0,
SLF,2022-01-03,2026-05-28,200.0,
SLG,2022-01-03,2026-05-28,200.0,
SLGL,2022-01-03,2026-05-28,200.0,
SLGN,2022-01-03,2026-05-28,200.0,
SLI,2022-01-03,2026-05-28,200.0,
SLM,2022-01-03,2026-05-28,200.0,
SLMT,2023-01-27,2026-05-28,200.0,
SLN,2022-01-03,2026-05-28,200.0,
SLND,2022-01-03,2026-05-28,200.0,
SLNG,2022-01-03,2026-05-28,200.0,
SLNH,2022-01-03,2026-05-28,200.0,
SLNZ,2024-11-19,2026-05-28,200.0,
SLP,2022-01-03,2026-05-28,200.0,
SLQT,2022-01-03,2026-05-28,200.0,
SLRC,2022-01-03,2026-05-28,200.0,
SLS,2022-01-03,2026-05-28,200.0,
SLSN,2022-01-03,2026-05-28,200.0,
SLSR,2022-01-03,2026-05-28,200.0,
SLV,2022-01-03,2026-05-28,200.0,
SLVM,2022-01-03,2026-05-28,200.0,
SLVO,2022-01-03,2026-05-28,200.0,
SLX,2022-01-03,2026-05-28,200.0,
SM,2022-01-03,2026-05-28,200.0,
SMA,2025-04-02,2026-05-28,200.0,
SMAY,,,,NOT_FETCHED
SMBC,2022-01-03,2026-05-28,200.0,
SMBK,2022-01-03,2026-05-28,200.0,
SMC,2022-01-03,2026-05-28,200.0,
SMCI,2022-01-03,2026-05-28,200.0,
SMFG,2022-01-03,2026-05-28,200.0,
SMG,2022-01-03,2026-05-28,200.0,
SMHI,2022-01-03,2026-05-28,200.0,
SMID,2022-01-03,2026-05-28,200.0,
SMIZ,2023-10-03,2026-05-28,200.0,
SMLL,2024-08-29,2026-05-28,200.0,
SMMT,2022-01-03,2026-05-28,200.0,
SMOT,2022-10-06,2026-05-28,200.0,
SMP,2022-01-03,2026-05-28,200.0,
SMPL,2022-01-03,2026-05-28,200.0,
SMR,2022-03-01,2026-05-28,200.0,
SMRT,2022-01-03,2026-05-28,200.0,
SMSI,2022-01-03,2026-05-28,200.0,
SMTC,2022-01-03,2026-05-28,200.0,
SMTI,2022-01-03,2026-05-28,200.0,
SMTK,2024-05-31,2026-05-28,200.0,
SMWB,2022-01-03,2026-05-28,200.0,
SMXT,2024-02-27,2026-05-28,200.0,
SMYY,2025-09-30,2026-05-28,200.0,
SN,2023-07-31,2026-05-28,200.0,
SNA,2022-01-03,2026-05-28,200.0,
SNAL,2022-11-10,2026-05-28,200.0,
SNAP,2022-01-03,2026-05-28,200.0,
SNAV,2023-01-11,2026-05-28,200.0,
SNBRQ,2022-01-03,2026-05-28,200.0,
SND,2022-01-03,2026-05-28,200.0,
SNDA,2022-01-03,2026-05-28,200.0,
SNDK,2025-02-13,2026-05-28,200.0,
SNDL,2022-01-03,2026-05-28,200.0,
SNDR,2022-01-03,2026-05-28,200.0,
SNDX,2022-01-03,2026-05-28,200.0,
SNES,2022-01-03,2026-05-28,200.0,
SNEX,2022-01-03,2026-05-28,200.0,
SNFCA,2022-01-03,2026-05-28,200.0,
SNGX,2022-01-03,2026-05-28,200.0,
SNN,2022-01-03,2026-05-28,200.0,
SNOA,2022-01-03,2026-05-28,200.0,
SNOW,2022-01-03,2026-05-28,200.0,
SNPS,2022-01-03,2026-05-28,200.0,
SNT,2022-01-03,2026-05-28,200.0,
SNTG,2022-01-03,2026-05-28,200.0,
SNTI,2022-01-03,2026-05-28,200.0,
SNWV,2024-10-18,2026-05-28,200.0,
SNX,2022-01-03,2026-05-28,200.0,
SNYR,2024-10-23,2026-05-28,200.0,
SO,2022-01-03,2026-05-28,200.0,
SOAR,2022-01-21,2026-05-28,200.0,
SOBO,2024-10-03,2026-05-28,200.0,
SOBR,2022-01-03,2026-05-28,200.0,
SOC,2022-01-03,2026-05-28,200.0,
SOFI,2022-01-03,2026-05-28,200.0,
SOFR,2023-11-15,2026-05-28,200.0,
SOGP,2022-01-03,2026-05-28,200.0,
SOHO,,,,HTTP 404
SOHU,2022-01-03,2026-05-28,200.0,
SOLS,2025-10-20,2026-05-28,200.0,
SOLV,2024-03-26,2026-05-28,200.0,
SOLZ,2025-03-20,2026-05-28,200.0,
SON,2022-01-03,2026-05-28,200.0,
SONDQ,2022-01-19,2026-05-28,200.0,
SONM,2022-01-03,2026-05-28,200.0,
SONO,2022-01-03,2026-05-28,200.0,
SONX,2022-01-03,2026-05-28,200.0,
SONY,2022-01-03,2026-05-28,200.0,
SOPAQ,2022-01-03,2026-05-28,200.0,
SOPH,2022-01-03,2026-05-28,200.0,
SORA,2025-04-02,2026-05-28,200.0,
SOS,2022-01-03,2026-05-28,200.0,
SOTK,2022-01-03,2026-05-28,200.0,
SOUN,2022-04-28,2026-05-28,200.0,
SOWG,2022-01-03,2026-05-28,200.0,
SOXY,2024-12-03,2026-05-28,200.0,
SOYB,2022-01-03,2026-05-28,200.0,
SPAI,2024-08-28,2026-05-28,200.0,
SPB,2022-01-03,2026-05-28,200.0,
SPCE,2022-01-03,2026-05-28,200.0,
SPCX,,,,HTTP 400
SPDV,2022-01-03,2026-05-28,200.0,
SPFI,2022-01-03,2026-05-28,200.0,
SPG,2022-01-03,2026-05-28,200.0,
SPGI,2022-01-03,2026-05-28,200.0,
SPH,2022-01-03,2026-05-28,200.0,
SPHR,2022-01-03,2026-05-28,200.0,
SPIR,2022-01-03,2026-05-28,200.0,
SPMC,2024-06-14,2026-05-28,200.0,
SPNT,2022-01-03,2026-05-28,200.0,
SPOK,2022-01-03,2026-05-28,200.0,
SPOT,2022-01-03,2026-05-28,200.0,
SPPL,2023-09-13,2026-05-28,200.0,
SPPP,2022-01-03,2026-05-28,200.0,
SPRB,2022-01-03,2026-05-28,200.0,
SPRC,2022-01-03,2026-05-28,200.0,
SPRO,2022-01-03,2026-05-28,200.0,
SPRU,2022-01-03,2026-05-28,200.0,
SPRX,2022-01-03,2026-05-28,200.0,
SPRY,2022-01-03,2026-05-28,200.0,
SPSC,2022-01-03,2026-05-28,200.0,
SPT,2022-01-03,2026-05-28,200.0,
SPTN,,,,HTTP 404
SPTX,2026-05-01,2026-05-28,200.0,
SPWH,2022-01-03,2026-05-28,200.0,
SPWO,2023-12-20,2026-05-28,200.0,
SPWR,2023-01-03,2026-05-28,200.0,
SPWRW,,,,HTTP 400
SPXC,2022-01-03,2026-05-28,200.0,
SPXU,,,,NOT_FETCHED
SPXX,2022-01-03,2026-05-28,200.0,
SPYT,2024-03-07,2026-05-28,200.0,
SPYX,2022-01-03,2026-05-28,200.0,
SQFT,2022-01-03,2026-05-28,200.0,
SQFTW,,,,HTTP 400
SQQQ,2022-01-03,2026-05-28,200.0,
SR,2022-01-03,2026-05-28,200.0,
SRAD,2022-01-03,2026-05-28,200.0,
SRBK,2023-09-20,2026-05-28,200.0,
SRCE,2022-01-03,2026-05-28,200.0,
SRE,2022-01-03,2026-05-28,200.0,
SRFM,2023-07-27,2026-05-28,200.0,
SRG,2022-01-03,2026-05-28,200.0,
SRHQ,2022-10-05,2026-05-28,200.0,
SRHR,2023-11-02,2026-05-28,200.0,
SRI,2022-01-03,2026-05-28,200.0,
SRL,2022-01-03,2026-05-28,200.0,
SRPT,2022-01-03,2026-05-28,200.0,
SRRK,2022-01-03,2026-05-28,200.0,
SRTA,2022-01-03,2026-05-28,200.0,
SRTS,2022-01-03,2026-05-28,200.0,
SRXH,2022-01-03,2026-05-28,200.0,
SRZN,2022-01-03,2026-05-28,200.0,
SSB,2022-01-03,2026-05-28,200.0,
SSD,2022-01-03,2026-05-28,200.0,
SSII,2024-08-07,2026-05-28,200.0,
SSK,2025-07-02,2026-05-28,200.0,
SSKN,2022-01-03,2026-05-28,200.0,
SSL,2022-01-03,2026-05-28,200.0,
SSNC,2022-01-03,2026-05-28,200.0,
SSRM,2022-01-03,2026-05-28,200.0,
SST,2022-01-03,2026-05-28,200.0,
SSTI,2022-01-03,2026-05-28,200.0,
SSTK,2022-01-03,2026-05-28,200.0,
SSUS,,,,NOT_FETCHED
SSYS,2022-01-03,2026-05-28,200.0,
STAA,2022-01-03,2026-05-28,200.0,
STAG,2022-01-03,2026-05-28,200.0,
STAI,2023-03-15,2026-05-28,200.0,
STAK,2025-02-26,2026-05-28,200.0,
STBA,2022-01-03,2026-05-28,200.0,
STC,2022-01-03,2026-05-28,200.0,
STE,2022-01-03,2026-05-28,200.0,
STEM,2022-01-03,2026-05-28,200.0,
STEP,2022-01-03,2026-05-28,200.0,
STEX,2022-01-03,2026-05-28,200.0,
STFS,2024-10-11,2026-05-28,200.0,
STG,2022-01-03,2026-05-28,200.0,
STGW,2022-01-03,2026-05-28,200.0,
STHO,2023-03-28,2026-05-28,200.0,
STI,2022-05-02,2026-05-28,200.0,
STIM,2022-01-03,2026-05-28,200.0,
STKE,2022-01-03,2026-05-28,200.0,
STKS,2022-01-03,2026-05-28,200.0,
STLA,2022-01-03,2026-05-28,200.0,
STLD,2022-01-03,2026-05-28,200.0,
STLN,2022-01-03,2026-05-28,200.0,
STM,2022-01-03,2026-05-28,200.0,
STN,2022-01-03,2026-05-28,200.0,
STNC,2022-01-03,2026-05-28,200.0,
STNE,2022-01-03,2026-05-28,200.0,
STNG,2022-01-03,2026-05-28,200.0,
STOK,2022-01-03,2026-05-28,200.0,
STRA,2022-01-03,2026-05-28,200.0,
STRL,2022-01-03,2026-05-28,200.0,
STRO,2022-01-03,2026-05-28,200.0,
STRR,2022-01-03,2026-05-28,200.0,
STRS,2022-01-03,2026-05-28,200.0,
STRT,2022-01-03,2026-05-28,200.0,
STRW,2023-02-22,2026-05-28,200.0,
STRZ,2025-05-07,2026-05-28,200.0,
STT,2022-01-03,2026-05-28,200.0,
STTK,2022-01-03,2026-05-28,200.0,
STUB,2025-09-17,2026-05-28,200.0,
STVN,2022-01-03,2026-05-28,200.0,
STWD,2022-01-03,2026-05-28,200.0,
STXF,2022-09-15,2026-05-28,200.0,
STXM,2026-03-26,2026-05-28,200.0,
STXS,2022-01-03,2026-05-28,200.0,
STZ,2022-01-03,2026-05-28,200.0,
SU,2022-01-03,2026-05-28,200.0,
SUI,2022-01-03,2026-05-28,200.0,
SUIG,2022-01-03,2026-05-28,200.0,
SUJA,2026-05-07,2026-05-28,200.0,
SUN,2022-01-03,2026-05-28,200.0,
SUNB,2026-03-02,2026-05-28,200.0,
SUNC,2025-11-06,2026-05-28,200.0,
SUNE,2022-01-03,2026-05-28,200.0,
SUNS,2024-07-09,2026-05-28,200.0,
SUPN,2022-01-03,2026-05-28,200.0,
SUPV,2022-01-03,2026-05-28,200.0,
SUPX,2024-04-17,2026-05-28,200.0,
SURG,2022-01-03,2026-05-28,200.0,
SUSA,,,,NOT_FETCHED
SUZ,2022-01-03,2026-05-28,200.0,
SVA,,,,HTTP 400
SVCO,2024-05-09,2026-05-28,200.0,
SVIX,2022-03-30,2026-05-28,200.0,
SVM,2022-01-03,2026-05-28,200.0,
SVRA,2022-01-03,2026-05-28,200.0,
SVREW,,,,HTTP 400
SVRN,2022-01-03,2026-05-28,200.0,
SVV,2023-06-29,2026-05-28,200.0,
SVVC,2022-01-03,2026-05-28,200.0,
SW,2022-01-03,2026-05-28,200.0,
SWAG,2022-01-03,2026-05-28,200.0,
SWBI,2022-01-03,2026-05-28,200.0,
SWIM,2022-01-03,2026-05-28,200.0,
SWK,2022-01-03,2026-05-28,200.0,
SWKS,2022-01-03,2026-05-28,200.0,
SWMR,2026-03-17,2026-05-28,200.0,
SWX,2022-01-03,2026-05-28,200.0,
SXC,2022-01-03,2026-05-28,200.0,
SXI,2022-01-03,2026-05-28,200.0,
SXT,2022-01-03,2026-05-28,200.0,
SXTC,2022-01-03,2026-05-28,200.0,
SXTPW,,,,HTTP 400
SY,2022-01-03,2026-05-28,200.0,
SYBT,2022-01-03,2026-05-28,200.0,
SYBX,2022-01-03,2026-05-28,200.0,
SYF,2022-01-03,2026-05-28,200.0,
SYK,2022-01-03,2026-05-28,200.0,
SYM,2022-01-03,2026-05-28,200.0,
SYNA,2022-01-03,2026-05-28,200.0,
SYNX,2024-01-12,2026-05-28,200.0,
SYPR,2022-01-03,2026-05-28,200.0,
SYRA,2023-09-29,2026-05-28,200.0,
SYRE,2022-01-03,2026-05-28,200.0,
SYRS,2022-01-03,2026-05-28,200.0,
SYY,2022-01-03,2026-05-28,200.0,
T,2022-01-03,2026-05-28,200.0,
TAC,2022-01-03,2026-05-28,200.0,
TACT,2022-01-03,2026-05-28,200.0,
TAGS,2022-01-03,2026-05-28,200.0,
TAIL,2022-01-03,2026-05-28,200.0,
TAIT,2022-01-03,2026-05-28,200.0,
TAK,2022-01-03,2026-05-28,200.0,
TAL,2022-01-03,2026-05-28,200.0,
TALK,2022-01-03,2026-05-28,200.0,
TALO,2022-01-03,2026-05-28,200.0,
TAN,2022-01-03,2026-05-28,200.0,
TAOP,2022-01-03,2026-05-28,200.0,
TAOX,2022-01-03,2026-05-28,200.0,
TAP,2022-01-03,2026-05-28,200.0,
TARA,2022-01-03,2026-05-28,200.0,
TARS,2022-01-03,2026-05-28,200.0,
TASK,2022-01-03,2026-05-28,200.0,
TATT,2022-01-03,2026-05-28,200.0,
TAXM,2025-03-13,2026-05-28,200.0,
TAXT,2025-08-19,2026-05-28,200.0,
TAYD,2022-01-03,2026-05-28,200.0,
TBBB,2024-02-09,2026-05-28,200.0,
TBBK,2022-01-03,2026-05-28,200.0,
TBCH,2022-01-03,2026-05-28,200.0,
TBI,2022-01-03,2026-05-28,200.0,
TBLA,2022-01-03,2026-05-28,200.0,
TBMC,,,,HTTP 404
TBN,2024-06-27,2026-05-28,200.0,
TBPH,2022-01-03,2026-05-28,200.0,
TBT,2022-01-03,2026-05-28,200.0,
TC,2022-01-03,2026-05-28,200.0,
TCBI,2022-01-03,2026-05-28,200.0,
TCBK,2022-01-03,2026-05-28,200.0,
TCBS,2022-01-03,2026-05-28,200.0,
TCBX,2022-01-03,2026-05-28,200.0,
TCGLF,,,,HTTP 400
TCI,2022-01-03,2026-05-28,200.0,
TCMD,2022-01-03,2026-05-28,200.0,
TCOM,2022-01-03,2026-05-28,200.0,
TCPC,2022-01-03,2026-05-28,200.0,
TCRT,2022-01-03,2026-05-28,200.0,
TCRX,2022-01-03,2026-05-28,200.0,
TCX,2022-01-03,2026-05-28,200.0,
TD,2022-01-03,2026-05-28,200.0,
TDAY,2022-01-03,2026-05-28,200.0,
TDC,2022-01-03,2026-05-28,200.0,
TDG,2022-01-03,2026-05-28,200.0,
TDOC,2022-01-03,2026-05-28,200.0,
TDS,2022-01-03,2026-05-28,200.0,
TDTH,2024-09-10,2026-05-28,200.0,
TDUP,2022-01-03,2026-05-28,200.0,
TDY,2022-01-03,2026-05-28,200.0,
TE,2022-01-03,2026-05-28,200.0,
TEAD,2022-01-03,2026-05-28,200.0,
TEAM,2022-01-03,2026-05-28,200.0,
TECH,2022-01-03,2026-05-28,200.0,
TECK,2022-01-03,2026-05-28,200.0,
TECX,2022-01-03,2026-05-28,200.0,
TEL,2022-01-03,2026-05-28,200.0,
TELA,2022-01-03,2026-05-28,200.0,
TELFY,2022-01-03,2026-05-28,200.0,
TELO,2024-02-09,2026-05-28,200.0,
TEM,2024-06-14,2026-05-28,200.0,
TENB,2022-01-03,2026-05-28,200.0,
TENX,2022-01-03,2026-05-28,200.0,
TEO,2022-01-03,2026-05-28,200.0,
TER,2022-01-03,2026-05-28,200.0,
TETH,2024-07-23,2026-05-28,200.0,
TEVA,2022-01-03,2026-05-28,200.0,
TEX,2022-01-03,2026-05-28,200.0,
TFC,2022-01-03,2026-05-28,200.0,
TFII,2022-01-03,2026-05-28,200.0,
TFIN,2022-01-03,2026-05-28,200.0,
TFPM,2022-08-30,2026-05-28,200.0,
TFSL,2022-01-03,2026-05-28,200.0,
TFX,2022-01-03,2026-05-28,200.0,
TG,2022-01-03,2026-05-28,200.0,
TGB,2022-01-03,2026-05-28,200.0,
TGEN,2022-01-03,2026-05-28,200.0,
TGL,2022-08-11,2026-05-28,200.0,
TGNA,,,,HTTP 404
TGT,2022-01-03,2026-05-28,200.0,
TGTX,2022-01-03,2026-05-28,200.0,
TH,2022-01-03,2026-05-28,200.0,
THC,2022-01-03,2026-05-28,200.0,
THCH,2022-01-03,2026-05-28,200.0,
THG,2022-01-03,2026-05-28,200.0,
THIR,2024-09-24,2026-05-28,200.0,
THM,2022-01-03,2026-05-28,200.0,
THO,2022-01-03,2026-05-28,200.0,
THRM,2022-01-03,2026-05-28,200.0,
THRY,2022-01-03,2026-05-28,200.0,
THS,,,,HTTP 404
TIC,2025-02-18,2026-05-28,200.0,
TIGR,2022-01-03,2026-05-28,200.0,
TII,2022-01-03,2026-05-28,200.0,
TIL,2022-01-03,2026-05-28,200.0,
TILE,2022-01-03,2026-05-28,200.0,
TIMB,2022-01-03,2026-05-28,200.0,
TIME,2022-01-28,2026-05-28,200.0,
TIOG,2022-01-03,2026-05-28,200.0,
TIPT,2022-01-03,2026-05-28,200.0,
TIPZ,2022-01-03,2026-05-28,200.0,
TISI,2022-01-03,2026-05-28,200.0,
TJGC,2025-01-22,2026-05-28,200.0,
TJX,2022-01-03,2026-05-28,200.0,
TK,2022-01-03,2026-05-28,200.0,
TKC,2022-01-03,2026-05-28,200.0,
TKLF,2022-01-18,2026-05-28,200.0,
TKNO,2022-01-03,2026-05-28,200.0,
TKNZ,,,,HTTP 400
TKO,2022-01-03,2026-05-28,200.0,
TKR,2022-01-03,2026-05-28,200.0,
TLCI,2025-03-05,2026-05-28,200.0,
TLF,2022-01-03,2026-05-28,200.0,
TLIS,,,,HTTP 404
TLN,2023-06-02,2026-05-28,200.0,
TLPH,2022-01-03,2026-05-28,200.0,
TLRY,2022-01-03,2026-05-28,200.0,
TLS,2022-01-03,2026-05-28,200.0,
TLSA,2022-01-03,2026-05-28,200.0,
TLSI,2022-01-03,2026-05-28,200.0,
TLSIW,2022-01-03,2026-05-28,200.0,
TLX,2024-11-14,2026-05-28,200.0,
TLYS,2022-01-03,2026-05-28,200.0,
TMC,2022-01-03,2026-05-28,200.0,
TMCI,2022-01-03,2026-05-28,200.0,
TMDE,2025-04-21,2026-05-28,200.0,
TMDX,2022-01-03,2026-05-28,200.0,
TME,2022-01-03,2026-05-28,200.0,
TMFM,2022-01-03,2026-05-28,200.0,
TMFX,2022-01-03,2026-05-28,200.0,
TMO,2022-01-03,2026-05-28,200.0,
TMP,2022-01-03,2026-05-28,200.0,
TMPWQ,,,,HTTP 404
TMQ,2022-01-03,2026-05-28,200.0,
TMUS,2022-01-03,2026-05-28,200.0,
TNC,2022-01-03,2026-05-28,200.0,
TNDM,2022-01-03,2026-05-28,200.0,
TNET,2022-01-03,2026-05-28,200.0,
TNGX,2022-01-03,2026-05-28,200.0,
TNK,2022-01-03,2026-05-28,200.0,
TNL,2022-01-03,2026-05-28,200.0,
TNONW,,,,HTTP 400
TNXP,2022-01-03,2026-05-28,200.0,
TNYA,2022-01-03,2026-05-28,200.0,
TOK,2022-01-03,2026-05-28,200.0,
TOL,2022-01-03,2026-05-28,200.0,
TOMZ,2022-01-03,2026-05-28,200.0,
TONX,2022-01-03,2026-05-28,200.0,
TOON,2022-01-03,2026-05-28,200.0,
TOP,2022-06-01,2026-05-28,200.0,
TOPC,2025-04-16,2026-05-28,200.0,
TOPP,2025-01-22,2026-05-28,200.0,
TOPS,2022-01-03,2026-05-28,200.0,
TOPW,,,,NOT_FETCHED
TORO,2023-03-03,2026-05-28,200.0,
TOST,2022-01-03,2026-05-28,200.0,
TOUR,2022-01-03,2026-05-28,200.0,
TOV,2025-02-27,2026-05-28,200.0,
TOVX,2022-01-03,2026-05-28,200.0,
TPB,2022-01-03,2026-05-28,200.0,
TPC,2022-01-03,2026-05-28,200.0,
TPCS,2022-01-03,2026-05-28,200.0,
TPET,2023-04-18,2026-05-28,200.0,
TPFC,2026-05-05,2026-05-28,200.0,
TPG,2022-01-13,2026-05-28,200.0,
TPHD,2022-01-03,2026-05-28,200.0,
TPHS,2022-01-03,2026-05-28,200.0,
TPIF,2022-01-03,2026-05-28,200.0,
TPL,2022-01-03,2026-05-28,200.0,
TPR,2022-01-03,2026-05-28,200.0,
TPSC,2022-01-03,2026-05-28,200.0,
TPST,2022-01-03,2026-05-28,200.0,
TPVG,2022-01-03,2026-05-28,200.0,
TQQQ,2022-01-03,2026-05-28,200.0,
TR,2022-01-03,2026-05-28,200.0,
TRAK,2022-01-03,2026-05-28,200.0,
TRAW,2022-01-03,2026-05-28,200.0,
TRAX,2026-04-06,2026-05-28,200.0,
TRBF,2025-10-07,2026-05-28,200.0,
TRC,2022-01-03,2026-05-28,200.0,
TRDA,2022-01-03,2026-05-28,200.0,
TREE,2022-01-03,2026-05-28,200.0,
TREX,2022-01-03,2026-05-28,200.0,
TRGP,2022-01-03,2026-05-28,200.0,
TRI,2022-01-03,2026-05-28,200.0,
TRIB,2022-01-03,2026-05-28,200.0,
TRIN,2022-01-03,2026-05-28,200.0,
TRIP,2022-01-03,2026-05-28,200.0,
TRLV,2022-01-03,2026-05-28,200.0,
TRMB,2022-01-03,2026-05-28,200.0,
TRMD,2022-01-03,2026-05-28,200.0,
TRMK,2022-01-03,2026-05-28,200.0,
TRML,,,,HTTP 404
TRN,2022-01-03,2026-05-28,200.0,
TRND,2022-01-03,2026-05-28,200.0,
TRNO,2022-01-03,2026-05-28,200.0,
TRNR,2023-04-28,2026-05-28,200.0,
TRNS,2022-01-03,2026-05-28,200.0,
TRON,2023-08-15,2026-05-28,200.0,
TROX,2022-01-03,2026-05-28,200.0,
TRP,2022-01-03,2026-05-28,200.0,
TRPA,,,,NOT_FETCHED
TRS,2022-01-03,2026-05-28,200.0,
TRSG,2024-04-19,2026-05-28,200.0,
TRST,2022-01-03,2026-05-28,200.0,
TRSY,2024-10-09,2026-05-28,200.0,
TRT,2022-01-03,2026-05-28,200.0,
TRTX,2022-01-03,2026-05-28,200.0,
TRU,2022-01-03,2026-05-28,200.0,
TRUP,2022-01-03,2026-05-28,200.0,
TRV,2022-01-03,2026-05-28,200.0,
TRVG,2022-01-03,2026-05-28,200.0,
TRVI,2022-01-03,2026-05-28,200.0,
TRX,2022-01-03,2026-05-28,200.0,
TS,2022-01-03,2026-05-28,200.0,
TSAT,2022-01-03,2026-05-28,200.0,
TSBK,2022-01-03,2026-05-28,200.0,
TSCO,2022-01-03,2026-05-28,200.0,
TSCV,2025-11-17,2026-05-28,200.0,
TSEL,2025-01-03,2026-05-28,200.0,
TSEM,2022-01-03,2026-05-28,200.0,
TSEOQ,2022-01-03,2026-05-28,200.0,
TSHA,2022-01-03,2026-05-28,200.0,
TSLA,2022-01-03,2026-05-28,200.0,
TSLX,2022-01-03,2026-05-28,200.0,
TSM,2022-01-03,2026-05-28,200.0,
TSMG,2025-01-14,2026-05-28,200.0,
TSMY,2024-08-21,2026-05-28,200.0,
TSN,2022-01-03,2026-05-28,200.0,
TSQ,2022-01-03,2026-05-28,200.0,
TSSI,2022-01-03,2026-05-28,200.0,
TSYY,2024-12-18,2026-05-28,200.0,
TT,2022-01-03,2026-05-28,200.0,
TTAN,2024-12-12,2026-05-28,200.0,
TTC,2022-01-03,2026-05-28,200.0,
TTD,2022-01-03,2026-05-28,200.0,
TTE,2022-01-03,2026-05-28,200.0,
TTEK,2022-01-03,2026-05-28,200.0,
TTGT,2022-01-03,2026-05-28,200.0,
TTI,2022-01-03,2026-05-28,200.0,
TTMI,2022-01-03,2026-05-28,200.0,
TTOO,2022-01-03,2026-05-28,200.0,
TTRX,2025-10-08,2026-05-28,200.0,
TTWO,2022-01-03,2026-05-28,200.0,
TU,2022-01-03,2026-05-28,200.0,
TULP,2022-01-03,2026-05-28,200.0,
TUR,2022-01-03,2026-05-28,200.0,
TURB,2023-09-22,2026-05-28,200.0,
TUSK,2022-01-03,2026-05-28,200.0,
TUYA,2022-01-03,2026-05-28,200.0,
TVGN,2022-01-05,2026-05-28,200.0,
TVRD,2022-01-03,2026-05-28,200.0,
TVTX,2022-01-03,2026-05-28,200.0,
TW,2022-01-03,2026-05-28,200.0,
TWAV,2022-01-03,2026-05-28,200.0,
TWFG,2024-07-18,2026-05-28,200.0,
TWG,2024-04-17,2026-05-28,200.0,
TWI,2022-01-03,2026-05-28,200.0,
TWIN,2022-01-03,2026-05-28,200.0,
TWLO,2022-01-03,2026-05-28,200.0,
TWNPQ,2025-01-28,2026-05-28,200.0,
TWO,2022-01-03,2026-05-28,200.0,
TWST,2022-01-03,2026-05-28,200.0,
TX,2022-01-03,2026-05-28,200.0,
TXG,2022-01-03,2026-05-28,200.0,
TXMD,2022-01-03,2026-05-28,200.0,
TXN,2022-01-03,2026-05-28,200.0,
TXNM,2022-01-03,2026-05-28,200.0,
TXO,2023-01-27,2026-05-28,200.0,
TXRH,2022-01-03,2026-05-28,200.0,
TXT,2022-01-03,2026-05-28,200.0,
TYGO,2022-01-03,2026-05-28,200.0,
TYL,2022-01-03,2026-05-28,200.0,
TYRA,2022-01-03,2026-05-28,200.0,
TZOO,2022-01-03,2026-05-28,200.0,
U,2022-01-03,2026-05-28,200.0,
UA,2022-01-03,2026-05-28,200.0,
UAA,2022-01-03,2026-05-28,200.0,
UAE,2022-01-03,2026-05-28,200.0,
UAL,2022-01-03,2026-05-28,200.0,
UAMY,2022-01-03,2026-05-28,200.0,
UAN,2022-01-03,2026-05-28,200.0,
UAVS,2022-01-03,2026-05-28,200.0,
UBCP,2022-01-03,2026-05-28,200.0,
UBER,2022-01-03,2026-05-28,200.0,
UBRL,2024-09-04,2026-05-28,200.0,
UBS,2022-01-03,2026-05-28,200.0,
UBSI,2022-01-03,2026-05-28,200.0,
UCAR,2023-04-20,2026-05-28,200.0,
UCFI,2024-02-16,2026-05-28,200.0,
UCL,2022-01-03,2026-05-28,200.0,
UCTT,2022-01-03,2026-05-28,200.0,
UDN,2022-01-03,2026-05-28,200.0,
UDR,2022-01-03,2026-05-28,200.0,
UE,2022-01-03,2026-05-28,200.0,
UEC,2022-01-03,2026-05-28,200.0,
UEIC,2022-01-03,2026-05-28,200.0,
UFABQ,2022-01-03,2026-05-28,200.0,
UFCS,2022-01-03,2026-05-28,200.0,
UFI,2022-01-03,2026-05-28,200.0,
UFO,2022-01-03,2026-05-28,200.0,
UFPI,2022-01-03,2026-05-28,200.0,
UFPT,2022-01-03,2026-05-28,200.0,
UG,2022-01-03,2026-05-28,200.0,
UGA,2022-01-03,2026-05-28,200.0,
UGI,2022-01-03,2026-05-28,200.0,
UGL,2022-01-03,2026-05-28,200.0,
UHG,,,,HTTP 404
UHS,2022-01-03,2026-05-28,200.0,
UHT,2022-01-03,2026-05-28,200.0,
UI,2022-01-03,2026-05-28,200.0,
UIS,2022-01-03,2026-05-28,200.0,
UK,2022-01-03,2026-05-28,200.0,
UL,2022-01-03,2026-05-28,200.0,
ULBI,2022-01-03,2026-05-28,200.0,
ULCC,2022-01-03,2026-05-28,200.0,
ULS,2024-04-12,2026-05-28,200.0,
ULTA,2022-01-03,2026-05-28,200.0,
UMAC,2024-02-14,2026-05-28,200.0,
UMBF,2022-01-03,2026-05-28,200.0,
UMC,2022-01-03,2026-05-28,200.0,
UMH,2022-01-03,2026-05-28,200.0,
UMI,2022-01-03,2026-05-28,200.0,
UMMA,2022-01-07,2026-05-28,200.0,
UNB,2022-01-03,2026-05-28,200.0,
UNCY,2022-01-03,2026-05-28,200.0,
UNF,2022-01-03,2026-05-28,200.0,
UNFI,2022-01-03,2026-05-28,200.0,
UNH,2022-01-03,2026-05-28,200.0,
UNIT,2022-01-03,2026-05-28,200.0,
UNL,2022-01-03,2026-05-28,200.0,
UNM,2022-01-03,2026-05-28,200.0,
UNP,2022-01-03,2026-05-28,200.0,
UNTY,2022-01-03,2026-05-28,200.0,
UOKAF,2022-01-03,2026-05-28,200.0,
UONE,2022-01-03,2026-05-28,200.0,
UONEK,2022-01-03,2026-05-28,200.0,
UP,2022-01-03,2026-05-28,200.0,
UPB,2024-10-11,2026-05-28,200.0,
UPBD,2022-01-03,2026-05-28,200.0,
UPC,2022-01-03,2026-05-28,200.0,
UPHL,2022-01-03,2026-05-28,200.0,
UPLD,2022-01-03,2026-05-28,200.0,
UPS,2022-01-03,2026-05-28,200.0,
UPST,2022-01-03,2026-05-28,200.0,
UPWK,2022-01-03,2026-05-28,200.0,
UPXI,2022-01-03,2026-05-28,200.0,
URA,2022-01-03,2026-05-28,200.0,
URBN,2022-01-03,2026-05-28,200.0,
URG,2022-01-03,2026-05-28,200.0,
URGN,2022-01-03,2026-05-28,200.0,
URI,2022-01-03,2026-05-28,200.0,
URTH,2022-01-03,2026-05-28,200.0,
USAC,2022-01-03,2026-05-28,200.0,
USAR,2023-07-17,2026-05-28,200.0,
USAS,2022-01-03,2026-05-28,200.0,
USAU,2022-01-03,2026-05-28,200.0,
USB,2022-01-03,2026-05-28,200.0,
USBC,2022-01-03,2026-05-28,200.0,
USCB,2022-01-03,2026-05-28,200.0,
USDP,2022-01-03,2026-05-28,200.0,
USEA,2022-07-06,2026-05-28,200.0,
USFD,2022-01-03,2026-05-28,200.0,
USG,2022-01-03,2026-05-28,200.0,
USGO,2023-04-20,2026-05-28,200.0,
USHY,2022-01-03,2026-05-28,200.0,
USIO,2022-01-03,2026-05-28,200.0,
USLM,2022-01-03,2026-05-28,200.0,
USMF,2022-01-03,2026-05-28,200.0,
USMV,2022-01-03,2026-05-28,200.0,
USNA,2022-01-03,2026-05-28,200.0,
USO,2022-01-03,2026-05-28,200.0,
USOI,2022-01-03,2026-05-28,200.0,
USPH,2022-01-03,2026-05-28,200.0,
UST,2022-01-03,2026-05-28,200.0,
UTHR,2022-01-03,2026-05-28,200.0,
UTI,2022-01-03,2026-05-28,200.0,
UTL,2022-01-03,2026-05-28,200.0,
UTMD,2022-01-03,2026-05-28,200.0,
UTSI,2022-01-03,2026-05-28,200.0,
UTZ,2022-01-03,2026-05-28,200.0,
UUU,2022-01-03,2026-05-28,200.0,
UUUU,2022-01-03,2026-05-28,200.0,
UVE,2022-01-03,2026-05-28,200.0,
UVSP,2022-01-03,2026-05-28,200.0,
UVV,2022-01-03,2026-05-28,200.0,
UWMC,2022-01-03,2026-05-28,200.0,
UX,2025-01-29,2026-05-28,200.0,
UXIN,2022-01-03,2026-05-28,200.0,
UYLD,2022-10-25,2026-05-28,200.0,
UYM,2022-01-03,2026-05-28,200.0,
UZX,2023-12-19,2026-05-28,200.0,
V,2022-01-03,2026-05-28,200.0,
VABK,2022-01-03,2026-05-28,200.0,
VAC,2022-01-03,2026-05-28,200.0,
VALE,2022-01-03,2026-05-28,200.0,
VALN,2022-01-03,2026-05-28,200.0,
VALU,2022-01-03,2026-05-28,200.0,
VANI,2022-01-03,2026-05-28,200.0,
VATE,2022-01-03,2026-05-28,200.0,
VAW,2022-01-03,2026-05-28,200.0,
VAXX,2022-01-03,2026-05-28,200.0,
VBIO,2022-01-03,2026-05-28,200.0,
VBND,2022-01-03,2026-05-28,200.0,
VBNK,2022-01-03,2026-05-28,200.0,
VC,2022-01-03,2026-05-28,200.0,
VCEL,2022-01-03,2026-05-28,200.0,
VCIG,2023-04-13,2026-05-28,200.0,
VCNX,2022-01-03,2026-05-28,200.0,
VCOB,2025-11-19,2026-05-28,200.0,
VCTR,2022-01-03,2026-05-28,200.0,
VCYT,2022-01-03,2026-05-28,200.0,
VDE,2022-01-03,2026-05-28,200.0,
VECO,2022-01-03,2026-05-28,200.0,
VEEA,2022-01-03,2026-05-28,200.0,
VEEE,2022-01-03,2026-05-28,200.0,
VEEV,2022-01-03,2026-05-28,200.0,
VEGI,2022-01-03,2026-05-28,200.0,
VEL,2022-01-03,2026-05-28,200.0,
VELO,2022-01-03,2026-05-28,200.0,
VENU,2024-11-27,2026-05-28,200.0,
VEON,2022-01-03,2026-05-28,200.0,
VERA,2022-01-03,2026-05-28,200.0,
VERI,2022-01-03,2026-05-28,200.0,
VERO,,,,HTTP 404
VERU,2022-01-03,2026-05-28,200.0,
VERX,2022-01-03,2026-05-28,200.0,
VET,2022-01-03,2026-05-28,200.0,
VETZ,2023-08-02,2026-05-28,200.0,
VEVMQ,2022-01-03,2026-05-28,200.0,
VFC,2022-01-03,2026-05-28,200.0,
VFH,2022-01-03,2026-05-28,200.0,
VFMF,2022-01-03,2026-05-28,200.0,
VFMO,2022-01-03,2026-05-28,200.0,
VFMV,2022-01-03,2026-05-28,200.0,
VG,2025-01-24,2026-05-28,200.0,
VGAS,2022-01-03,2026-05-28,200.0,
VGK,2022-01-03,2026-05-28,200.0,
VGMS,2025-06-11,2026-05-28,200.0,
VGNT,2026-03-27,2026-05-28,200.0,
VGSR,2023-12-04,2026-05-28,200.0,
VGZ,2022-01-03,2026-05-28,200.0,
VHC,2022-01-03,2026-05-28,200.0,
VHI,2022-01-03,2026-05-28,200.0,
VHUB,2026-01-30,2026-05-28,200.0,
VIA,2025-09-12,2026-05-28,200.0,
VIAV,2022-01-03,2026-05-28,200.0,
VICI,2022-01-03,2026-05-28,200.0,
VICR,2022-01-03,2026-05-28,200.0,
VIDA,2026-05-15,2026-05-28,200.0,
VIGL,,,,HTTP 404
VIK,2024-05-01,2026-05-28,200.0,
VINC,2022-01-03,2026-05-28,200.0,
VINP,2022-01-03,2026-05-28,200.0,
VIOT,2022-01-03,2026-05-28,200.0,
VIP,2022-01-03,2026-05-28,200.0,
VIPS,2022-01-03,2026-05-28,200.0,
VIR,2022-01-03,2026-05-28,200.0,
VIRC,2022-01-03,2026-05-28,200.0,
VIRT,2022-01-03,2026-05-28,200.0,
VISN,2022-01-03,2026-05-28,200.0,
VIST,2022-01-03,2026-05-28,200.0,
VITL,2022-01-03,2026-05-28,200.0,
VIV,2022-01-03,2026-05-28,200.0,
VIVK,2022-01-03,2026-05-28,200.0,
VIVO,2022-01-03,2026-05-28,200.0,
VIVS,2022-01-03,2026-05-28,200.0,
VKTX,2022-01-03,2026-05-28,200.0,
VLGEA,2022-01-03,2026-05-28,200.0,
VLO,2022-01-03,2026-05-28,200.0,
VLRS,2022-01-03,2026-05-28,200.0,
VLTO,2023-10-04,2026-05-28,200.0,
VLY,2022-01-03,2026-05-28,200.0,
VMAR,2022-01-03,2026-05-28,200.0,
VMC,2022-01-03,2026-05-28,200.0,
VMD,2022-01-03,2026-05-28,200.0,
VMI,2022-01-03,2026-05-28,200.0,
VMRK,2022-01-03,2026-05-28,200.0,
VNCE,2022-01-03,2026-05-28,200.0,
VNDA,2022-01-03,2026-05-28,200.0,
VNET,2022-01-03,2026-05-28,200.0,
VNM,2022-01-03,2026-05-28,200.0,
VNO,2022-01-03,2026-05-28,200.0,
VNOM,2022-01-03,2026-05-28,200.0,
VNQ,2022-01-03,2026-05-28,200.0,
VNRX,2022-01-03,2026-05-28,200.0,
VNT,2022-01-03,2026-05-28,200.0,
VOC,2022-01-03,2026-05-28,200.0,
VOD,2022-01-03,2026-05-28,200.0,
VOR,2022-01-03,2026-05-28,200.0,
VOXR,2022-01-03,2026-05-28,200.0,
VOYA,2022-01-03,2026-05-28,200.0,
VOYG,2025-06-11,2026-05-28,200.0,
VPG,2022-01-03,2026-05-28,200.0,
VPL,2022-01-03,2026-05-28,200.0,
VPU,2022-01-03,2026-05-28,200.0,
VRA,2022-01-03,2026-05-28,200.0,
VRAX,2022-07-21,2026-05-28,200.0,
VRCA,2022-01-03,2026-05-28,200.0,
VRDN,2022-01-03,2026-05-28,200.0,
VREX,2022-01-03,2026-05-28,200.0,
VRM,2025-02-20,2026-05-28,200.0,
VRME,2022-01-03,2026-05-28,200.0,
VRNS,2022-01-03,2026-05-28,200.0,
VRRM,2022-01-03,2026-05-28,200.0,
VRSK,2022-01-03,2026-05-28,200.0,
VRSN,2022-01-03,2026-05-28,200.0,
VRT,2022-01-03,2026-05-28,200.0,
VRTS,2022-01-03,2026-05-28,200.0,
VRTX,2022-01-03,2026-05-28,200.0,
VS,2022-01-03,2026-05-28,200.0,
VSA,2022-01-03,2026-05-28,200.0,
VSAT,2022-01-03,2026-05-28,200.0,
VSEC,2022-01-03,2026-05-28,200.0,
VSEE,2022-01-03,2026-05-28,200.0,
VSEEW,,,,HTTP 400
VSH,2022-01-03,2026-05-28,200.0,
VSME,2023-09-27,2026-05-28,200.0,
VSNT,2025-12-15,2026-05-28,200.0,
VST,2022-01-03,2026-05-28,200.0,
VSTD,2022-09-09,2026-05-28,200.0,
VSTM,2022-01-03,2026-05-28,200.0,
VSTS,2023-09-27,2026-05-28,200.0,
VSXY,2022-01-03,2026-05-28,200.0,
VTAK,2022-01-03,2026-05-28,200.0,
VTEX,2022-01-03,2026-05-28,200.0,
VTG,2025-07-10,2026-05-28,200.0,
VTGN,2022-01-03,2026-05-28,200.0,
VTIX,2026-01-27,2026-05-28,200.0,
VTMX,2023-06-30,2026-05-28,200.0,
VTOL,2022-01-03,2026-05-28,200.0,
VTR,2022-01-03,2026-05-28,200.0,
VTRS,2022-01-03,2026-05-28,200.0,
VTS,2023-01-10,2026-05-28,200.0,
VTSI,2022-01-03,2026-05-28,200.0,
VTVT,2022-01-03,2026-05-28,200.0,
VUSB,2022-01-03,2026-05-28,200.0,
VUZI,2022-01-03,2026-05-28,200.0,
VVOS,2022-01-03,2026-05-28,200.0,
VVV,2022-01-03,2026-05-28,200.0,
VVX,2022-01-03,2026-05-28,200.0,
VWAV,2025-07-15,2026-05-28,200.0,
VWAVW,,,,HTTP 400
VXRT,2022-01-03,2026-05-28,200.0,
VXX,2022-01-03,2026-05-28,200.0,
VXZ,2022-01-03,2026-05-28,200.0,
VYGR,2022-01-03,2026-05-28,200.0,
VYX,2022-01-03,2026-05-28,200.0,
VZ,2022-01-03,2026-05-28,200.0,
VZLA,2022-01-21,2026-05-28,200.0,
W,2022-01-03,2026-05-28,200.0,
WABC,2022-01-03,2026-05-28,200.0,
WAFD,2022-01-03,2026-05-28,200.0,
WAFU,2022-01-03,2026-05-28,200.0,
WAL,2022-01-03,2026-05-28,200.0,
WARP,2026-05-07,2026-05-28,200.0,
WASH,2022-01-03,2026-05-28,200.0,
WAT,2022-01-03,2026-05-28,200.0,
WATT,2022-01-03,2026-05-28,200.0,
WAVE,2022-01-03,2026-05-28,200.0,
WAY,2024-06-07,2026-05-28,200.0,
WB,2022-01-03,2026-05-28,200.0,
WBD,2022-01-03,2026-05-28,200.0,
WBI,2025-09-17,2026-05-28,200.0,
WBTN,2024-06-27,2026-05-28,200.0,
WBUY,2023-10-19,2026-05-28,200.0,
WCC,2022-01-03,2026-05-28,200.0,
WCEO,2023-01-09,2026-05-28,200.0,
WCN,2022-01-03,2026-05-28,200.0,
WCPB,2025-08-13,2026-05-28,200.0,
WD,2022-01-03,2026-05-28,200.0,
WDAF,2025-09-12,2026-05-28,200.0,
WDAY,2022-01-03,2026-05-28,200.0,
WDC,2022-01-03,2026-05-28,200.0,
WDFC,2022-01-03,2026-05-28,200.0,
WDH,2022-01-03,2026-05-28,200.0,
WDS,2022-01-03,2026-05-28,200.0,
WDTE,2023-09-19,2026-05-28,200.0,
WEAT,2022-01-03,2026-05-28,200.0,
WEAV,2022-01-03,2026-05-28,200.0,
WEC,2022-01-03,2026-05-28,200.0,
WEEL,2024-05-16,2026-05-28,200.0,
WELL,2022-01-03,2026-05-28,200.0,
WEN,2022-01-03,2026-05-28,200.0,
WERN,2022-01-03,2026-05-28,200.0,
WES,2022-01-03,2026-05-28,200.0,
WEST,2022-01-03,2026-05-28,200.0,
WETH,2024-02-21,2026-05-28,200.0,
WETO,2025-02-27,2026-05-28,200.0,
WEX,2022-01-03,2026-05-28,200.0,
WEYS,2022-01-03,2026-05-28,200.0,
WF,2022-01-03,2026-05-28,200.0,
WFC,2022-01-03,2026-05-28,200.0,
WFCF,2022-01-03,2026-05-28,200.0,
WFG,2022-01-03,2026-05-28,200.0,
WGO,2022-01-03,2026-05-28,200.0,
WGS,2022-01-03,2026-05-28,200.0,
WH,2022-01-03,2026-05-28,200.0,
WHD,2022-01-03,2026-05-28,200.0,
WHF,2022-01-03,2026-05-28,200.0,
WHG,2022-01-03,2026-05-28,200.0,
WHK,,,,HTTP 400
WHR,2022-01-03,2026-05-28,200.0,
WHWK,2022-01-03,2026-05-28,200.0,
WILC,2022-01-03,2026-05-28,200.0,
WIMI,2022-01-03,2026-05-28,200.0,
WINA,2022-01-03,2026-05-28,200.0,
WING,2022-01-03,2026-05-28,200.0,
WINT,2022-01-03,2026-05-28,200.0,
WIT,2022-01-03,2026-05-28,200.0,
WIX,2022-01-03,2026-05-28,200.0,
WK,2022-01-03,2026-05-28,200.0,
WKC,2022-01-03,2026-05-28,200.0,
WKHS,2022-01-03,2026-05-28,200.0,
WKSP,2022-01-03,2026-05-28,200.0,
WLDN,2022-01-03,2026-05-28,200.0,
WLFC,2022-01-03,2026-05-28,200.0,
WLGSF,2023-04-20,2026-05-28,200.0,
WLK,2022-01-03,2026-05-28,200.0,
WLKP,2022-01-03,2026-05-28,200.0,
WLTG,2022-01-03,2026-05-28,200.0,
WLTH,2025-12-15,2026-05-28,200.0,
WLYB,2022-01-03,2026-05-28,200.0,
WM,2022-01-03,2026-05-28,200.0,
WMB,2022-01-03,2026-05-28,200.0,
WMG,2022-01-03,2026-05-28,200.0,
WMK,2022-01-03,2026-05-28,200.0,
WMS,2022-01-03,2026-05-28,200.0,
WMT,2022-01-03,2026-05-28,200.0,
WNC,2022-01-03,2026-05-28,200.0,
WNEB,2022-01-03,2026-05-28,200.0,
WNW,2022-01-03,2026-05-28,200.0,
WOLF,2025-09-29,2026-05-28,200.0,
WOOF,2022-01-03,2026-05-28,200.0,
WOR,2022-01-03,2026-05-28,200.0,
WOW,,,,HTTP 404
WPC,2022-01-03,2026-05-28,200.0,
WPM,2022-01-03,2026-05-28,200.0,
WPP,2022-01-03,2026-05-28,200.0,
WPRT,2022-01-03,2026-05-28,200.0,
WRAP,2022-01-03,2026-05-28,200.0,
WRB,2022-01-03,2026-05-28,200.0,
WRBY,2022-01-03,2026-05-28,200.0,
WRD,2024-10-25,2026-05-28,200.0,
WRLD,2022-01-03,2026-05-28,200.0,
WRN,2022-01-03,2026-05-28,200.0,
WS,2023-11-28,2026-05-28,200.0,
WSBC,2022-01-03,2026-05-28,200.0,
WSBF,2022-01-03,2026-05-28,200.0,
WSBK,2025-05-02,2026-05-28,200.0,
WSC,2022-01-03,2026-05-28,200.0,
WSE,2026-05-11,2026-05-28,200.0,
WSFS,2022-01-03,2026-05-28,200.0,
WSHP,2025-11-14,2026-05-28,200.0,
WSM,2022-01-03,2026-05-28,200.0,
WSML,2025-04-03,2026-05-28,200.0,
WSO,2022-01-03,2026-05-28,200.0,
WSO/B,2022-01-03,2026-05-28,200.0,
WST,2022-01-03,2026-05-28,200.0,
WT,2022-01-03,2026-05-28,200.0,
WTBA,2022-01-03,2026-05-28,200.0,
WTBN,2023-12-20,2026-05-28,200.0,
WTF,2025-04-01,2026-05-28,200.0,
WTFC,2022-01-03,2026-05-28,200.0,
WTI,2022-01-03,2026-05-28,200.0,
WTRG,2022-01-03,2026-05-28,200.0,
WTS,2022-01-03,2026-05-28,200.0,
WTTR,2022-01-03,2026-05-28,200.0,
WTW,2022-01-03,2026-05-28,200.0,
WU,2022-01-03,2026-05-28,200.0,
WULF,2022-01-03,2026-05-28,200.0,
WVE,2022-01-03,2026-05-28,200.0,
WVVI,2022-01-03,2026-05-28,200.0,
WW,2025-06-27,2026-05-28,200.0,
WWD,2022-01-03,2026-05-28,200.0,
WWR,2022-01-03,2026-05-28,200.0,
WWW,2022-01-03,2026-05-28,200.0,
WY,2022-01-03,2026-05-28,200.0,
WYFI,2025-08-07,2026-05-28,200.0,
WYHG,2024-11-26,2026-05-28,200.0,
WYNN,2022-01-03,2026-05-28,200.0,
WYY,2022-01-03,2026-05-28,200.0,
XAGE,2022-01-03,2026-05-28,200.0,
XAIR,2022-01-03,2026-05-28,200.0,
XBI,2022-01-03,2026-05-28,200.0,
XBIO,2022-01-03,2026-05-28,200.0,
XBIT,2022-01-03,2026-05-28,200.0,
XBP,2022-01-03,2026-05-28,200.0,
XBPEW,,,,HTTP 400
XCH,2024-09-10,2026-05-28,200.0,
XCHG,2025-12-17,2026-05-28,200.0,
XCOR,2022-10-17,2026-05-28,200.0,
XCUR,2022-01-03,2026-05-28,200.0,
XDAT,2022-01-03,2026-05-28,200.0,
XE,2026-04-24,2026-05-28,200.0,
XEL,2022-01-03,2026-05-28,200.0,
XELA,2022-01-03,2026-05-28,200.0,
XELB,2022-01-03,2026-05-28,200.0,
XENE,2022-01-03,2026-05-28,200.0,
XERS,2022-01-03,2026-05-28,200.0,
XFOR,2022-01-03,2026-05-28,200.0,
XGN,2022-01-03,2026-05-28,200.0,
XHG,2022-01-03,2026-05-28,200.0,
XHR,2022-01-03,2026-05-28,200.0,
XIFR,2022-01-03,2026-05-28,200.0,
XJEQX,2026-04-02,2026-05-28,200.0,
XJUN,,,,NOT_FETCHED
XLO,2022-01-03,2026-05-28,200.0,
XMAX,2022-01-03,2026-05-28,200.0,
XMPT,2022-01-03,2026-05-28,200.0,
XMQTX,2026-05-15,2026-05-28,200.0,
XMTR,2022-01-03,2026-05-28,200.0,
XNCR,2022-01-03,2026-05-28,200.0,
XNDU,2026-03-23,2026-05-28,200.0,
XNET,2022-01-03,2026-05-28,200.0,
XNTK,2022-01-03,2026-05-28,200.0,
XOEF,2025-07-09,2026-05-28,200.0,
XOS,2022-01-03,2026-05-28,200.0,
XOVR,2022-01-03,2026-05-28,200.0,
XP,2022-01-03,2026-05-28,200.0,
XPEL,2022-01-03,2026-05-28,200.0,
XPER,2022-09-20,2026-05-28,200.0,
XPEV,2022-01-03,2026-05-28,200.0,
XPL,2022-01-03,2026-05-28,200.0,
XPO,2022-01-03,2026-05-28,200.0,
XPOF,2022-01-03,2026-05-28,200.0,
XPON,2022-04-01,2026-05-28,200.0,
XRAY,2022-01-03,2026-05-28,200.0,
XRLX,2023-10-10,2026-05-28,200.0,
XRN,2022-01-03,2026-05-28,200.0,
XRP,2025-11-20,2026-05-28,200.0,
XRPC,2025-11-13,2026-05-28,200.0,
XRPI,2025-05-22,2026-05-28,200.0,
XRPR,2025-09-18,2026-05-28,200.0,
XRPT,2025-05-22,2026-05-28,200.0,
XRPZ,2025-11-24,2026-05-28,200.0,
XRT,2022-01-03,2026-05-28,200.0,
XRTX,2022-01-03,2026-05-28,200.0,
XRX,2022-01-03,2026-05-28,200.0,
XRXDW,,,200.0,
XSEP,2022-09-22,2026-05-28,200.0,
XTIA,2022-01-03,2026-05-28,200.0,
XTL,2022-01-03,2026-05-28,200.0,
XTLB,2022-01-03,2026-05-28,200.0,
XTNT,2022-01-03,2026-05-28,200.0,
XWEL,2022-01-03,2026-05-28,200.0,
XXI,2024-08-13,2026-05-28,200.0,
XXII,2022-01-03,2026-05-28,200.0,
XYF,2022-01-03,2026-05-28,200.0,
XYL,2022-01-03,2026-05-28,200.0,
XYZ,2022-01-03,2026-05-28,200.0,
XZO,2025-11-05,2026-05-28,200.0,
YAAS,2024-12-20,2026-05-28,200.0,
YALA,2022-01-03,2026-05-28,200.0,
YB,2025-04-30,2026-05-28,200.0,
YCBD,2022-01-03,2026-05-28,200.0,
YDKG,2022-01-03,2026-05-28,200.0,
YELP,2022-01-03,2026-05-28,200.0,
YETI,2022-01-03,2026-05-28,200.0,
YEXT,2022-01-03,2026-05-28,200.0,
YHGJ,2022-01-03,2026-05-28,200.0,
YI,2022-01-03,2026-05-28,200.0,
YJ,2022-01-03,2026-05-28,200.0,
YJUN,,,,NOT_FETCHED
YMM,2022-01-03,2026-05-28,200.0,
YMT,2025-08-19,2026-05-28,200.0,
YOLO,2022-01-03,2026-05-28,200.0,
YORW,2022-01-03,2026-05-28,200.0,
YOU,2022-01-03,2026-05-28,200.0,
YOUL,2025-07-10,2026-05-28,200.0,
YPF,2022-01-03,2026-05-28,200.0,
YQ,2022-01-03,2026-05-28,200.0,
YRD,2022-01-03,2026-05-28,200.0,
YSG,2022-01-03,2026-05-28,200.0,
YSS,2026-01-29,2026-05-28,200.0,
YSWY,2026-04-22,2026-05-28,200.0,
YSXT,2024-12-18,2026-05-28,200.0,
YTRA,2022-01-03,2026-05-28,200.0,
YUM,2022-01-03,2026-05-28,200.0,
YUMC,2022-01-03,2026-05-28,200.0,
YXT,2024-08-16,2026-05-28,200.0,
YYAI,2022-01-03,2026-05-28,200.0,
YYY,2022-01-03,2026-05-28,200.0,
Z,2022-01-03,2026-05-28,200.0,
ZBAO,2024-04-02,2026-05-28,200.0,
ZBH,2022-01-03,2026-05-28,200.0,
ZBIO,2024-09-13,2026-05-28,200.0,
ZBRA,2022-01-03,2026-05-28,200.0,
ZCMD,2022-01-03,2026-05-28,200.0,
ZD,2022-01-03,2026-05-28,200.0,
ZDAI,2024-07-23,2026-05-28,200.0,
ZDGE,2022-01-03,2026-05-28,200.0,
ZENA,2024-10-01,2026-05-28,200.0,
ZEO,2022-01-03,2026-05-28,200.0,
ZEPP,2022-01-03,2026-05-28,200.0,
ZETA,2022-01-03,2026-05-28,200.0,
ZEUS,,,,HTTP 404
ZG,2022-01-03,2026-05-28,200.0,
ZGN,2022-01-03,2026-05-28,200.0,
ZH,2022-01-03,2026-05-28,200.0,
ZIM,2022-01-03,2026-05-28,200.0,
ZIMV,,,,HTTP 404
ZION,2022-01-03,2026-05-28,200.0,
ZIP,2022-01-03,2026-05-28,200.0,
ZIVO,2022-01-03,2026-05-28,200.0,
ZKH,2023-12-15,2026-05-28,200.0,
ZLAB,2022-01-03,2026-05-28,200.0,
ZM,2022-01-03,2026-05-28,200.0,
ZNB,2022-01-03,2026-05-28,200.0,
ZNTL,2022-01-03,2026-05-28,200.0,
ZOMDF,2022-01-03,2026-05-28,200.0,
ZONE,2024-04-26,2026-05-28,200.0,
ZS,2022-01-03,2026-05-28,200.0,
ZSPC,2024-12-05,2026-05-28,200.0,
ZSQR,2022-01-03,2026-05-28,200.0,
ZTEK,2022-01-03,2026-05-28,200.0,
ZTG,2025-09-09,2026-05-28,200.0,
ZTO,2022-01-03,2026-05-28,200.0,
ZTS,2022-01-03,2026-05-28,200.0,
ZUMZ,2022-01-03,2026-05-28,200.0,
ZURA,2023-03-21,2026-05-28,200.0,
ZVIA,2022-01-03,2026-05-28,200.0,
ZVRA,2022-01-03,2026-05-28,200.0,
ZVSA,2022-02-11,2026-05-28,200.0,
ZWS,2022-01-03,2026-05-28,200.0,
ZYME,2022-01-03,2026-05-28,200.0,
ZYXIQ,,,,HTTP 404
